Year,State Population,County Name,State Abbreviation,BUYER_MME,Policy State
2003,6143359,ADAMS,WA,0,True
2003,6143359,ASOTIN,WA,0,True
2003,6143359,BENTON,WA,0,True
2003,6143359,CHELAN,WA,0,True
2003,6143359,CLALLAM,WA,0,True
2003,6143359,CLARK,WA,0,True
2003,6143359,COLUMBIA,WA,0,True
2003,6143359,COWLITZ,WA,0,True
2003,6143359,DOUGLAS,WA,0,True
2003,6143359,FERRY,WA,0,True
2003,6143359,FRANKLIN,WA,0,True
2003,6143359,GARFIELD,WA,0,True
2003,6143359,GRANT,WA,0,True
2003,6143359,GRAYS HARBOR,WA,0,True
2003,6143359,ISLAND,WA,0,True
2003,6143359,JEFFERSON,WA,0,True
2003,6143359,KING,WA,0,True
2003,6143359,KITSAP,WA,0,True
2003,6143359,KITTITAS,WA,0,True
2003,6143359,KLICKITAT,WA,0,True
2003,6143359,LEWIS,WA,0,True
2003,6143359,LINCOLN,WA,0,True
2003,6143359,MASON,WA,0,True
2003,6143359,OKANOGAN,WA,0,True
2003,6143359,PACIFIC,WA,0,True
2003,6143359,PEND OREILLE,WA,0,True
2003,6143359,PIERCE,WA,0,True
2003,6143359,SAN JUAN,WA,0,True
2003,6143359,SKAGIT,WA,0,True
2003,6143359,SKAMANIA,WA,0,True
2003,6143359,SNOHOMISH,WA,0,True
2003,6143359,SPOKANE,WA,0,True
2003,6143359,STEVENS,WA,0,True
2003,6143359,THURSTON,WA,0,True
2003,6143359,WAHKIAKUM,WA,0,True
2003,6143359,WALLA WALLA,WA,0,True
2003,6143359,WHATCOM,WA,0,True
2003,6143359,WHITMAN,WA,0,True
2003,6143359,YAKIMA,WA,0,True
2004,6226385,ADAMS,WA,0,True
2004,6226385,ASOTIN,WA,0,True
2004,6226385,BENTON,WA,0,True
2004,6226385,CHELAN,WA,0,True
2004,6226385,CLALLAM,WA,0,True
2004,6226385,CLARK,WA,0,True
2004,6226385,COLUMBIA,WA,0,True
2004,6226385,COWLITZ,WA,0,True
2004,6226385,DOUGLAS,WA,0,True
2004,6226385,FERRY,WA,0,True
2004,6226385,FRANKLIN,WA,0,True
2004,6226385,GARFIELD,WA,0,True
2004,6226385,GRANT,WA,0,True
2004,6226385,GRAYS HARBOR,WA,0,True
2004,6226385,ISLAND,WA,0,True
2004,6226385,JEFFERSON,WA,0,True
2004,6226385,KING,WA,0,True
2004,6226385,KITSAP,WA,0,True
2004,6226385,KITTITAS,WA,0,True
2004,6226385,KLICKITAT,WA,0,True
2004,6226385,LEWIS,WA,0,True
2004,6226385,LINCOLN,WA,0,True
2004,6226385,MASON,WA,0,True
2004,6226385,OKANOGAN,WA,0,True
2004,6226385,PACIFIC,WA,0,True
2004,6226385,PEND OREILLE,WA,0,True
2004,6226385,PIERCE,WA,0,True
2004,6226385,SAN JUAN,WA,0,True
2004,6226385,SKAGIT,WA,0,True
2004,6226385,SKAMANIA,WA,0,True
2004,6226385,SNOHOMISH,WA,0,True
2004,6226385,SPOKANE,WA,0,True
2004,6226385,STEVENS,WA,0,True
2004,6226385,THURSTON,WA,0,True
2004,6226385,WAHKIAKUM,WA,0,True
2004,6226385,WALLA WALLA,WA,0,True
2004,6226385,WHATCOM,WA,0,True
2004,6226385,WHITMAN,WA,0,True
2004,6226385,YAKIMA,WA,0,True
2005,6309411,ADAMS,WA,0,True
2005,6309411,ASOTIN,WA,0,True
2005,6309411,BENTON,WA,0,True
2005,6309411,CHELAN,WA,0,True
2005,6309411,CLALLAM,WA,0,True
2005,6309411,CLARK,WA,0,True
2005,6309411,COLUMBIA,WA,0,True
2005,6309411,COWLITZ,WA,0,True
2005,6309411,DOUGLAS,WA,0,True
2005,6309411,FERRY,WA,0,True
2005,6309411,FRANKLIN,WA,0,True
2005,6309411,GARFIELD,WA,0,True
2005,6309411,GRANT,WA,0,True
2005,6309411,GRAYS HARBOR,WA,0,True
2005,6309411,ISLAND,WA,0,True
2005,6309411,JEFFERSON,WA,0,True
2005,6309411,KING,WA,0,True
2005,6309411,KITSAP,WA,0,True
2005,6309411,KITTITAS,WA,0,True
2005,6309411,KLICKITAT,WA,0,True
2005,6309411,LEWIS,WA,0,True
2005,6309411,LINCOLN,WA,0,True
2005,6309411,MASON,WA,0,True
2005,6309411,OKANOGAN,WA,0,True
2005,6309411,PACIFIC,WA,0,True
2005,6309411,PEND OREILLE,WA,0,True
2005,6309411,PIERCE,WA,0,True
2005,6309411,SAN JUAN,WA,0,True
2005,6309411,SKAGIT,WA,0,True
2005,6309411,SKAMANIA,WA,0,True
2005,6309411,SNOHOMISH,WA,0,True
2005,6309411,SPOKANE,WA,0,True
2005,6309411,STEVENS,WA,0,True
2005,6309411,THURSTON,WA,0,True
2005,6309411,WAHKIAKUM,WA,0,True
2005,6309411,WALLA WALLA,WA,0,True
2005,6309411,WHATCOM,WA,0,True
2005,6309411,WHITMAN,WA,0,True
2005,6309411,YAKIMA,WA,0,True
2006,6392437,ADAMS,WA,211,True
2006,6392437,ASOTIN,WA,644,True
2006,6392437,BENTON,WA,3475,True
2006,6392437,CHELAN,WA,1840,True
2006,6392437,CLALLAM,WA,2870,True
2006,6392437,CLARK,WA,8040,True
2006,6392437,COLUMBIA,WA,56,True
2006,6392437,COWLITZ,WA,3602,True
2006,6392437,DOUGLAS,WA,572,True
2006,6392437,FERRY,WA,201,True
2006,6392437,FRANKLIN,WA,973,True
2006,6392437,GARFIELD,WA,46,True
2006,6392437,GRANT,WA,2422,True
2006,6392437,GRAYS HARBOR,WA,2408,True
2006,6392437,ISLAND,WA,1493,True
2006,6392437,JEFFERSON,WA,187,True
2006,6392437,KING,WA,41911,True
2006,6392437,KITSAP,WA,5159,True
2006,6392437,KITTITAS,WA,586,True
2006,6392437,KLICKITAT,WA,128,True
2006,6392437,LEWIS,WA,2316,True
2006,6392437,LINCOLN,WA,233,True
2006,6392437,MASON,WA,1031,True
2006,6392437,OKANOGAN,WA,1152,True
2006,6392437,PACIFIC,WA,817,True
2006,6392437,PEND OREILLE,WA,590,True
2006,6392437,PIERCE,WA,16782,True
2006,6392437,SAN JUAN,WA,214,True
2006,6392437,SKAGIT,WA,2695,True
2006,6392437,SKAMANIA,WA,145,True
2006,6392437,SNOHOMISH,WA,19444,True
2006,6392437,SPOKANE,WA,15344,True
2006,6392437,STEVENS,WA,1513,True
2006,6392437,THURSTON,WA,4374,True
2006,6392437,WAHKIAKUM,WA,64,True
2006,6392437,WALLA WALLA,WA,1409,True
2006,6392437,WHATCOM,WA,3160,True
2006,6392437,WHITMAN,WA,599,True
2006,6392437,YAKIMA,WA,3325,True
2007,6475463,ADAMS,WA,212,True
2007,6475463,ASOTIN,WA,769,True
2007,6475463,BENTON,WA,3921,True
2007,6475463,CHELAN,WA,2307,True
2007,6475463,CLALLAM,WA,3814,True
2007,6475463,CLARK,WA,12677,True
2007,6475463,COLUMBIA,WA,87,True
2007,6475463,COWLITZ,WA,5087,True
2007,6475463,DOUGLAS,WA,692,True
2007,6475463,FERRY,WA,181,True
2007,6475463,FRANKLIN,WA,957,True
2007,6475463,GARFIELD,WA,104,True
2007,6475463,GRANT,WA,3556,True
2007,6475463,GRAYS HARBOR,WA,2952,True
2007,6475463,ISLAND,WA,1575,True
2007,6475463,JEFFERSON,WA,384,True
2007,6475463,KING,WA,49074,True
2007,6475463,KITSAP,WA,5637,True
2007,6475463,KITTITAS,WA,722,True
2007,6475463,KLICKITAT,WA,218,True
2007,6475463,LEWIS,WA,2816,True
2007,6475463,LINCOLN,WA,314,True
2007,6475463,MASON,WA,1075,True
2007,6475463,OKANOGAN,WA,1489,True
2007,6475463,PACIFIC,WA,856,True
2007,6475463,PEND OREILLE,WA,838,True
2007,6475463,PIERCE,WA,21415,True
2007,6475463,SAN JUAN,WA,202,True
2007,6475463,SKAGIT,WA,3553,True
2007,6475463,SKAMANIA,WA,253,True
2007,6475463,SNOHOMISH,WA,22869,True
2007,6475463,SPOKANE,WA,16595,True
2007,6475463,STEVENS,WA,1619,True
2007,6475463,THURSTON,WA,5478,True
2007,6475463,WAHKIAKUM,WA,108,True
2007,6475463,WALLA WALLA,WA,1563,True
2007,6475463,WHATCOM,WA,4062,True
2007,6475463,WHITMAN,WA,680,True
2007,6475463,YAKIMA,WA,4196,True
2008,6558489,ADAMS,WA,249,True
2008,6558489,ASOTIN,WA,665,True
2008,6558489,BENTON,WA,4105,True
2008,6558489,CHELAN,WA,2575,True
2008,6558489,CLALLAM,WA,4132,True
2008,6558489,CLARK,WA,19885,True
2008,6558489,COLUMBIA,WA,86,True
2008,6558489,COWLITZ,WA,5816,True
2008,6558489,DOUGLAS,WA,601,True
2008,6558489,FERRY,WA,164,True
2008,6558489,FRANKLIN,WA,1003,True
2008,6558489,GARFIELD,WA,92,True
2008,6558489,GRANT,WA,2882,True
2008,6558489,GRAYS HARBOR,WA,3546,True
2008,6558489,ISLAND,WA,1612,True
2008,6558489,JEFFERSON,WA,448,True
2008,6558489,KING,WA,51067,True
2008,6558489,KITSAP,WA,6539,True
2008,6558489,KITTITAS,WA,907,True
2008,6558489,KLICKITAT,WA,181,True
2008,6558489,LEWIS,WA,3377,True
2008,6558489,LINCOLN,WA,328,True
2008,6558489,MASON,WA,1458,True
2008,6558489,OKANOGAN,WA,1672,True
2008,6558489,PACIFIC,WA,1093,True
2008,6558489,PEND OREILLE,WA,897,True
2008,6558489,PIERCE,WA,22913,True
2008,6558489,SAN JUAN,WA,234,True
2008,6558489,SKAGIT,WA,3530,True
2008,6558489,SKAMANIA,WA,256,True
2008,6558489,SNOHOMISH,WA,26816,True
2008,6558489,SPOKANE,WA,17682,True
2008,6558489,STEVENS,WA,2076,True
2008,6558489,THURSTON,WA,5656,True
2008,6558489,WAHKIAKUM,WA,101,True
2008,6558489,WALLA WALLA,WA,1604,True
2008,6558489,WHATCOM,WA,4480,True
2008,6558489,WHITMAN,WA,708,True
2008,6558489,YAKIMA,WA,4475,True
2009,6641515,ADAMS,WA,590,True
2009,6641515,ASOTIN,WA,726,True
2009,6641515,BENTON,WA,4530,True
2009,6641515,CHELAN,WA,2044,True
2009,6641515,CLALLAM,WA,3875,True
2009,6641515,CLARK,WA,21158,True
2009,6641515,COLUMBIA,WA,61,True
2009,6641515,COWLITZ,WA,6157,True
2009,6641515,DOUGLAS,WA,741,True
2009,6641515,FERRY,WA,181,True
2009,6641515,FRANKLIN,WA,1050,True
2009,6641515,GARFIELD,WA,91,True
2009,6641515,GRANT,WA,3068,True
2009,6641515,GRAYS HARBOR,WA,3397,True
2009,6641515,ISLAND,WA,1377,True
2009,6641515,JEFFERSON,WA,453,True
2009,6641515,KING,WA,50073,True
2009,6641515,KITSAP,WA,6794,True
2009,6641515,KITTITAS,WA,753,True
2009,6641515,KLICKITAT,WA,232,True
2009,6641515,LEWIS,WA,3526,True
2009,6641515,LINCOLN,WA,336,True
2009,6641515,MASON,WA,1800,True
2009,6641515,OKANOGAN,WA,1571,True
2009,6641515,PACIFIC,WA,1340,True
2009,6641515,PEND OREILLE,WA,808,True
2009,6641515,PIERCE,WA,22753,True
2009,6641515,SAN JUAN,WA,339,True
2009,6641515,SKAGIT,WA,3822,True
2009,6641515,SKAMANIA,WA,253,True
2009,6641515,SNOHOMISH,WA,27327,True
2009,6641515,SPOKANE,WA,16918,True
2009,6641515,STEVENS,WA,2068,True
2009,6641515,THURSTON,WA,5658,True
2009,6641515,WAHKIAKUM,WA,79,True
2009,6641515,WALLA WALLA,WA,1339,True
2009,6641515,WHATCOM,WA,3934,True
2009,6641515,WHITMAN,WA,654,True
2009,6641515,YAKIMA,WA,4946,True
2010,6724540,ADAMS,WA,310,True
2010,6724540,ASOTIN,WA,958,True
2010,6724540,BENTON,WA,3383,True
2010,6724540,CHELAN,WA,1825,True
2010,6724540,CLALLAM,WA,3884,True
2010,6724540,CLARK,WA,11443,True
2010,6724540,COLUMBIA,WA,63,True
2010,6724540,COWLITZ,WA,4776,True
2010,6724540,DOUGLAS,WA,882,True
2010,6724540,FERRY,WA,183,True
2010,6724540,FRANKLIN,WA,706,True
2010,6724540,GARFIELD,WA,41,True
2010,6724540,GRANT,WA,2742,True
2010,6724540,GRAYS HARBOR,WA,2885,True
2010,6724540,ISLAND,WA,1384,True
2010,6724540,JEFFERSON,WA,516,True
2010,6724540,KING,WA,46782,True
2010,6724540,KITSAP,WA,5736,True
2010,6724540,KITTITAS,WA,744,True
2010,6724540,KLICKITAT,WA,218,True
2010,6724540,LEWIS,WA,3481,True
2010,6724540,LINCOLN,WA,392,True
2010,6724540,MASON,WA,1696,True
2010,6724540,OKANOGAN,WA,2029,True
2010,6724540,PACIFIC,WA,1172,True
2010,6724540,PEND OREILLE,WA,750,True
2010,6724540,PIERCE,WA,18858,True
2010,6724540,SAN JUAN,WA,295,True
2010,6724540,SKAGIT,WA,3433,True
2010,6724540,SKAMANIA,WA,229,True
2010,6724540,SNOHOMISH,WA,26097,True
2010,6724540,SPOKANE,WA,13220,True
2010,6724540,STEVENS,WA,2029,True
2010,6724540,THURSTON,WA,5215,True
2010,6724540,WAHKIAKUM,WA,79,True
2010,6724540,WALLA WALLA,WA,1425,True
2010,6724540,WHATCOM,WA,3579,True
2010,6724540,WHITMAN,WA,608,True
2010,6724540,YAKIMA,WA,4604,True
2011,6825921,ADAMS,WA,422,True
2011,6825921,ASOTIN,WA,1369,True
2011,6825921,BENTON,WA,5561,True
2011,6825921,CHELAN,WA,2050,True
2011,6825921,CLALLAM,WA,4473,True
2011,6825921,CLARK,WA,14799,True
2011,6825921,COLUMBIA,WA,89,True
2011,6825921,COWLITZ,WA,5084,True
2011,6825921,DOUGLAS,WA,824,True
2011,6825921,FERRY,WA,214,True
2011,6825921,FRANKLIN,WA,1462,True
2011,6825921,GARFIELD,WA,51,True
2011,6825921,GRANT,WA,3298,True
2011,6825921,GRAYS HARBOR,WA,2777,True
2011,6825921,ISLAND,WA,1454,True
2011,6825921,JEFFERSON,WA,546,True
2011,6825921,KING,WA,52707,True
2011,6825921,KITSAP,WA,6726,True
2011,6825921,KITTITAS,WA,1044,True
2011,6825921,KLICKITAT,WA,216,True
2011,6825921,LEWIS,WA,3537,True
2011,6825921,LINCOLN,WA,355,True
2011,6825921,MASON,WA,1804,True
2011,6825921,OKANOGAN,WA,2062,True
2011,6825921,PACIFIC,WA,1266,True
2011,6825921,PEND OREILLE,WA,728,True
2011,6825921,PIERCE,WA,23115,True
2011,6825921,SAN JUAN,WA,457,True
2011,6825921,SKAGIT,WA,3948,True
2011,6825921,SKAMANIA,WA,221,True
2011,6825921,SNOHOMISH,WA,26662,True
2011,6825921,SPOKANE,WA,18393,True
2011,6825921,STEVENS,WA,1949,True
2011,6825921,THURSTON,WA,5826,True
2011,6825921,WAHKIAKUM,WA,85,True
2011,6825921,WALLA WALLA,WA,1707,True
2011,6825921,WHATCOM,WA,3948,True
2011,6825921,WHITMAN,WA,812,True
2011,6825921,YAKIMA,WA,5928,True
2012,6927302,ADAMS,WA,330,True
2012,6927302,ASOTIN,WA,1276,True
2012,6927302,BENTON,WA,5943,True
2012,6927302,CHELAN,WA,1826,True
2012,6927302,CLALLAM,WA,4449,True
2012,6927302,CLARK,WA,13582,True
2012,6927302,COLUMBIA,WA,104,True
2012,6927302,COWLITZ,WA,4690,True
2012,6927302,DOUGLAS,WA,720,True
2012,6927302,FERRY,WA,226,True
2012,6927302,FRANKLIN,WA,1521,True
2012,6927302,GARFIELD,WA,74,True
2012,6927302,GRANT,WA,2936,True
2012,6927302,GRAYS HARBOR,WA,3068,True
2012,6927302,ISLAND,WA,1456,True
2012,6927302,JEFFERSON,WA,583,True
2012,6927302,KING,WA,50875,True
2012,6927302,KITSAP,WA,7239,True
2012,6927302,KITTITAS,WA,936,True
2012,6927302,KLICKITAT,WA,302,True
2012,6927302,LEWIS,WA,3227,True
2012,6927302,LINCOLN,WA,373,True
2012,6927302,MASON,WA,2013,True
2012,6927302,OKANOGAN,WA,1583,True
2012,6927302,PACIFIC,WA,1354,True
2012,6927302,PEND OREILLE,WA,660,True
2012,6927302,PIERCE,WA,21122,True
2012,6927302,SAN JUAN,WA,418,True
2012,6927302,SKAGIT,WA,3861,True
2012,6927302,SKAMANIA,WA,294,True
2012,6927302,SNOHOMISH,WA,27609,True
2012,6927302,SPOKANE,WA,17815,True
2012,6927302,STEVENS,WA,1697,True
2012,6927302,THURSTON,WA,6169,True
2012,6927302,WAHKIAKUM,WA,80,True
2012,6927302,WALLA WALLA,WA,1915,True
2012,6927302,WHATCOM,WA,3815,True
2012,6927302,WHITMAN,WA,923,True
2012,6927302,YAKIMA,WA,6466,True
2013,7028683,ADAMS,WA,0,True
2013,7028683,ASOTIN,WA,0,True
2013,7028683,BENTON,WA,0,True
2013,7028683,CHELAN,WA,0,True
2013,7028683,CLALLAM,WA,0,True
2013,7028683,CLARK,WA,0,True
2013,7028683,COLUMBIA,WA,0,True
2013,7028683,COWLITZ,WA,0,True
2013,7028683,DOUGLAS,WA,0,True
2013,7028683,FERRY,WA,0,True
2013,7028683,FRANKLIN,WA,0,True
2013,7028683,GARFIELD,WA,0,True
2013,7028683,GRANT,WA,0,True
2013,7028683,GRAYS HARBOR,WA,0,True
2013,7028683,ISLAND,WA,0,True
2013,7028683,JEFFERSON,WA,0,True
2013,7028683,KING,WA,0,True
2013,7028683,KITSAP,WA,0,True
2013,7028683,KITTITAS,WA,0,True
2013,7028683,KLICKITAT,WA,0,True
2013,7028683,LEWIS,WA,0,True
2013,7028683,LINCOLN,WA,0,True
2013,7028683,MASON,WA,0,True
2013,7028683,OKANOGAN,WA,0,True
2013,7028683,PACIFIC,WA,0,True
2013,7028683,PEND OREILLE,WA,0,True
2013,7028683,PIERCE,WA,0,True
2013,7028683,SAN JUAN,WA,0,True
2013,7028683,SKAGIT,WA,0,True
2013,7028683,SKAMANIA,WA,0,True
2013,7028683,SNOHOMISH,WA,0,True
2013,7028683,SPOKANE,WA,0,True
2013,7028683,STEVENS,WA,0,True
2013,7028683,THURSTON,WA,0,True
2013,7028683,WAHKIAKUM,WA,0,True
2013,7028683,WALLA WALLA,WA,0,True
2013,7028683,WHATCOM,WA,0,True
2013,7028683,WHITMAN,WA,0,True
2013,7028683,YAKIMA,WA,0,True
2014,7130064,ADAMS,WA,0,True
2014,7130064,ASOTIN,WA,0,True
2014,7130064,BENTON,WA,0,True
2014,7130064,CHELAN,WA,0,True
2014,7130064,CLALLAM,WA,0,True
2014,7130064,CLARK,WA,0,True
2014,7130064,COLUMBIA,WA,0,True
2014,7130064,COWLITZ,WA,0,True
2014,7130064,DOUGLAS,WA,0,True
2014,7130064,FERRY,WA,0,True
2014,7130064,FRANKLIN,WA,0,True
2014,7130064,GARFIELD,WA,0,True
2014,7130064,GRANT,WA,0,True
2014,7130064,GRAYS HARBOR,WA,0,True
2014,7130064,ISLAND,WA,0,True
2014,7130064,JEFFERSON,WA,0,True
2014,7130064,KING,WA,0,True
2014,7130064,KITSAP,WA,0,True
2014,7130064,KITTITAS,WA,0,True
2014,7130064,KLICKITAT,WA,0,True
2014,7130064,LEWIS,WA,0,True
2014,7130064,LINCOLN,WA,0,True
2014,7130064,MASON,WA,0,True
2014,7130064,OKANOGAN,WA,0,True
2014,7130064,PACIFIC,WA,0,True
2014,7130064,PEND OREILLE,WA,0,True
2014,7130064,PIERCE,WA,0,True
2014,7130064,SAN JUAN,WA,0,True
2014,7130064,SKAGIT,WA,0,True
2014,7130064,SKAMANIA,WA,0,True
2014,7130064,SNOHOMISH,WA,0,True
2014,7130064,SPOKANE,WA,0,True
2014,7130064,STEVENS,WA,0,True
2014,7130064,THURSTON,WA,0,True
2014,7130064,WAHKIAKUM,WA,0,True
2014,7130064,WALLA WALLA,WA,0,True
2014,7130064,WHATCOM,WA,0,True
2014,7130064,WHITMAN,WA,0,True
2014,7130064,YAKIMA,WA,0,True
2015,7231445,ADAMS,WA,0,True
2015,7231445,ASOTIN,WA,0,True
2015,7231445,BENTON,WA,0,True
2015,7231445,CHELAN,WA,0,True
2015,7231445,CLALLAM,WA,0,True
2015,7231445,CLARK,WA,0,True
2015,7231445,COLUMBIA,WA,0,True
2015,7231445,COWLITZ,WA,0,True
2015,7231445,DOUGLAS,WA,0,True
2015,7231445,FERRY,WA,0,True
2015,7231445,FRANKLIN,WA,0,True
2015,7231445,GARFIELD,WA,0,True
2015,7231445,GRANT,WA,0,True
2015,7231445,GRAYS HARBOR,WA,0,True
2015,7231445,ISLAND,WA,0,True
2015,7231445,JEFFERSON,WA,0,True
2015,7231445,KING,WA,0,True
2015,7231445,KITSAP,WA,0,True
2015,7231445,KITTITAS,WA,0,True
2015,7231445,KLICKITAT,WA,0,True
2015,7231445,LEWIS,WA,0,True
2015,7231445,LINCOLN,WA,0,True
2015,7231445,MASON,WA,0,True
2015,7231445,OKANOGAN,WA,0,True
2015,7231445,PACIFIC,WA,0,True
2015,7231445,PEND OREILLE,WA,0,True
2015,7231445,PIERCE,WA,0,True
2015,7231445,SAN JUAN,WA,0,True
2015,7231445,SKAGIT,WA,0,True
2015,7231445,SKAMANIA,WA,0,True
2015,7231445,SNOHOMISH,WA,0,True
2015,7231445,SPOKANE,WA,0,True
2015,7231445,STEVENS,WA,0,True
2015,7231445,THURSTON,WA,0,True
2015,7231445,WAHKIAKUM,WA,0,True
2015,7231445,WALLA WALLA,WA,0,True
2015,7231445,WHATCOM,WA,0,True
2015,7231445,WHITMAN,WA,0,True
2015,7231445,YAKIMA,WA,0,True
2003,1376067,ADA,ID,0,False
2003,1376067,ADAMS,ID,0,False
2003,1376067,BANNOCK,ID,0,False
2003,1376067,BEAR LAKE,ID,0,False
2003,1376067,BENEWAH,ID,0,False
2003,1376067,BINGHAM,ID,0,False
2003,1376067,BLAINE,ID,0,False
2003,1376067,BOISE,ID,0,False
2003,1376067,BONNER,ID,0,False
2003,1376067,BONNEVILLE,ID,0,False
2003,1376067,BOUNDARY,ID,0,False
2003,1376067,BUTTE,ID,0,False
2003,1376067,CAMAS,ID,0,False
2003,1376067,CANYON,ID,0,False
2003,1376067,CARIBOU,ID,0,False
2003,1376067,CASSIA,ID,0,False
2003,1376067,CLARK,ID,0,False
2003,1376067,CLEARWATER,ID,0,False
2003,1376067,CUSTER,ID,0,False
2003,1376067,ELMORE,ID,0,False
2003,1376067,FRANKLIN,ID,0,False
2003,1376067,FREMONT,ID,0,False
2003,1376067,GEM,ID,0,False
2003,1376067,GOODING,ID,0,False
2003,1376067,IDAHO,ID,0,False
2003,1376067,JEFFERSON,ID,0,False
2003,1376067,JEROME,ID,0,False
2003,1376067,KOOTENAI,ID,0,False
2003,1376067,LATAH,ID,0,False
2003,1376067,LEMHI,ID,0,False
2003,1376067,LEWIS,ID,0,False
2003,1376067,LINCOLN,ID,0,False
2003,1376067,MADISON,ID,0,False
2003,1376067,MINIDOKA,ID,0,False
2003,1376067,NEZ PERCE,ID,0,False
2003,1376067,ONEIDA,ID,0,False
2003,1376067,OWYHEE,ID,0,False
2003,1376067,PAYETTE,ID,0,False
2003,1376067,POWER,ID,0,False
2003,1376067,SHOSHONE,ID,0,False
2003,1376067,TETON,ID,0,False
2003,1376067,TWIN FALLS,ID,0,False
2003,1376067,VALLEY,ID,0,False
2003,1376067,WASHINGTON,ID,0,False
2004,1403437,ADA,ID,0,False
2004,1403437,ADAMS,ID,0,False
2004,1403437,BANNOCK,ID,0,False
2004,1403437,BEAR LAKE,ID,0,False
2004,1403437,BENEWAH,ID,0,False
2004,1403437,BINGHAM,ID,0,False
2004,1403437,BLAINE,ID,0,False
2004,1403437,BOISE,ID,0,False
2004,1403437,BONNER,ID,0,False
2004,1403437,BONNEVILLE,ID,0,False
2004,1403437,BOUNDARY,ID,0,False
2004,1403437,BUTTE,ID,0,False
2004,1403437,CAMAS,ID,0,False
2004,1403437,CANYON,ID,0,False
2004,1403437,CARIBOU,ID,0,False
2004,1403437,CASSIA,ID,0,False
2004,1403437,CLARK,ID,0,False
2004,1403437,CLEARWATER,ID,0,False
2004,1403437,CUSTER,ID,0,False
2004,1403437,ELMORE,ID,0,False
2004,1403437,FRANKLIN,ID,0,False
2004,1403437,FREMONT,ID,0,False
2004,1403437,GEM,ID,0,False
2004,1403437,GOODING,ID,0,False
2004,1403437,IDAHO,ID,0,False
2004,1403437,JEFFERSON,ID,0,False
2004,1403437,JEROME,ID,0,False
2004,1403437,KOOTENAI,ID,0,False
2004,1403437,LATAH,ID,0,False
2004,1403437,LEMHI,ID,0,False
2004,1403437,LEWIS,ID,0,False
2004,1403437,LINCOLN,ID,0,False
2004,1403437,MADISON,ID,0,False
2004,1403437,MINIDOKA,ID,0,False
2004,1403437,NEZ PERCE,ID,0,False
2004,1403437,ONEIDA,ID,0,False
2004,1403437,OWYHEE,ID,0,False
2004,1403437,PAYETTE,ID,0,False
2004,1403437,POWER,ID,0,False
2004,1403437,SHOSHONE,ID,0,False
2004,1403437,TETON,ID,0,False
2004,1403437,TWIN FALLS,ID,0,False
2004,1403437,VALLEY,ID,0,False
2004,1403437,WASHINGTON,ID,0,False
2005,1430807,ADA,ID,0,False
2005,1430807,ADAMS,ID,0,False
2005,1430807,BANNOCK,ID,0,False
2005,1430807,BEAR LAKE,ID,0,False
2005,1430807,BENEWAH,ID,0,False
2005,1430807,BINGHAM,ID,0,False
2005,1430807,BLAINE,ID,0,False
2005,1430807,BOISE,ID,0,False
2005,1430807,BONNER,ID,0,False
2005,1430807,BONNEVILLE,ID,0,False
2005,1430807,BOUNDARY,ID,0,False
2005,1430807,BUTTE,ID,0,False
2005,1430807,CAMAS,ID,0,False
2005,1430807,CANYON,ID,0,False
2005,1430807,CARIBOU,ID,0,False
2005,1430807,CASSIA,ID,0,False
2005,1430807,CLARK,ID,0,False
2005,1430807,CLEARWATER,ID,0,False
2005,1430807,CUSTER,ID,0,False
2005,1430807,ELMORE,ID,0,False
2005,1430807,FRANKLIN,ID,0,False
2005,1430807,FREMONT,ID,0,False
2005,1430807,GEM,ID,0,False
2005,1430807,GOODING,ID,0,False
2005,1430807,IDAHO,ID,0,False
2005,1430807,JEFFERSON,ID,0,False
2005,1430807,JEROME,ID,0,False
2005,1430807,KOOTENAI,ID,0,False
2005,1430807,LATAH,ID,0,False
2005,1430807,LEMHI,ID,0,False
2005,1430807,LEWIS,ID,0,False
2005,1430807,LINCOLN,ID,0,False
2005,1430807,MADISON,ID,0,False
2005,1430807,MINIDOKA,ID,0,False
2005,1430807,NEZ PERCE,ID,0,False
2005,1430807,ONEIDA,ID,0,False
2005,1430807,OWYHEE,ID,0,False
2005,1430807,PAYETTE,ID,0,False
2005,1430807,POWER,ID,0,False
2005,1430807,SHOSHONE,ID,0,False
2005,1430807,TETON,ID,0,False
2005,1430807,TWIN FALLS,ID,0,False
2005,1430807,VALLEY,ID,0,False
2005,1430807,WASHINGTON,ID,0,False
2006,1458177,ADA,ID,6531,False
2006,1458177,ADAMS,ID,0,False
2006,1458177,BANNOCK,ID,1041,False
2006,1458177,BEAR LAKE,ID,231,False
2006,1458177,BENEWAH,ID,136,False
2006,1458177,BINGHAM,ID,323,False
2006,1458177,BLAINE,ID,163,False
2006,1458177,BOISE,ID,0,False
2006,1458177,BONNER,ID,892,False
2006,1458177,BONNEVILLE,ID,1347,False
2006,1458177,BOUNDARY,ID,296,False
2006,1458177,BUTTE,ID,77,False
2006,1458177,CAMAS,ID,0,False
2006,1458177,CANYON,ID,1795,False
2006,1458177,CARIBOU,ID,122,False
2006,1458177,CASSIA,ID,332,False
2006,1458177,CLARK,ID,0,False
2006,1458177,CLEARWATER,ID,138,False
2006,1458177,CUSTER,ID,13,False
2006,1458177,ELMORE,ID,296,False
2006,1458177,FRANKLIN,ID,202,False
2006,1458177,FREMONT,ID,41,False
2006,1458177,GEM,ID,295,False
2006,1458177,GOODING,ID,104,False
2006,1458177,IDAHO,ID,160,False
2006,1458177,JEFFERSON,ID,123,False
2006,1458177,JEROME,ID,257,False
2006,1458177,KOOTENAI,ID,2936,False
2006,1458177,LATAH,ID,487,False
2006,1458177,LEMHI,ID,275,False
2006,1458177,LEWIS,ID,111,False
2006,1458177,LINCOLN,ID,0,False
2006,1458177,MADISON,ID,237,False
2006,1458177,MINIDOKA,ID,128,False
2006,1458177,NEZ PERCE,ID,1363,False
2006,1458177,ONEIDA,ID,149,False
2006,1458177,OWYHEE,ID,29,False
2006,1458177,PAYETTE,ID,208,False
2006,1458177,POWER,ID,51,False
2006,1458177,SHOSHONE,ID,592,False
2006,1458177,TETON,ID,76,False
2006,1458177,TWIN FALLS,ID,1360,False
2006,1458177,VALLEY,ID,131,False
2006,1458177,WASHINGTON,ID,203,False
2007,1485547,ADA,ID,8326,False
2007,1485547,ADAMS,ID,0,False
2007,1485547,BANNOCK,ID,1310,False
2007,1485547,BEAR LAKE,ID,216,False
2007,1485547,BENEWAH,ID,214,False
2007,1485547,BINGHAM,ID,429,False
2007,1485547,BLAINE,ID,190,False
2007,1485547,BOISE,ID,0,False
2007,1485547,BONNER,ID,1168,False
2007,1485547,BONNEVILLE,ID,1996,False
2007,1485547,BOUNDARY,ID,366,False
2007,1485547,BUTTE,ID,115,False
2007,1485547,CAMAS,ID,0,False
2007,1485547,CANYON,ID,2505,False
2007,1485547,CARIBOU,ID,280,False
2007,1485547,CASSIA,ID,489,False
2007,1485547,CLARK,ID,0,False
2007,1485547,CLEARWATER,ID,334,False
2007,1485547,CUSTER,ID,47,False
2007,1485547,ELMORE,ID,270,False
2007,1485547,FRANKLIN,ID,147,False
2007,1485547,FREMONT,ID,50,False
2007,1485547,GEM,ID,424,False
2007,1485547,GOODING,ID,106,False
2007,1485547,IDAHO,ID,198,False
2007,1485547,JEFFERSON,ID,178,False
2007,1485547,JEROME,ID,266,False
2007,1485547,KOOTENAI,ID,3691,False
2007,1485547,LATAH,ID,587,False
2007,1485547,LEMHI,ID,232,False
2007,1485547,LEWIS,ID,148,False
2007,1485547,LINCOLN,ID,0,False
2007,1485547,MADISON,ID,238,False
2007,1485547,MINIDOKA,ID,137,False
2007,1485547,NEZ PERCE,ID,1411,False
2007,1485547,ONEIDA,ID,135,False
2007,1485547,OWYHEE,ID,41,False
2007,1485547,PAYETTE,ID,336,False
2007,1485547,POWER,ID,92,False
2007,1485547,SHOSHONE,ID,727,False
2007,1485547,TETON,ID,109,False
2007,1485547,TWIN FALLS,ID,1772,False
2007,1485547,VALLEY,ID,211,False
2007,1485547,WASHINGTON,ID,114,False
2008,1512917,ADA,ID,8851,False
2008,1512917,ADAMS,ID,0,False
2008,1512917,BANNOCK,ID,1327,False
2008,1512917,BEAR LAKE,ID,254,False
2008,1512917,BENEWAH,ID,239,False
2008,1512917,BINGHAM,ID,472,False
2008,1512917,BLAINE,ID,274,False
2008,1512917,BOISE,ID,0,False
2008,1512917,BONNER,ID,1228,False
2008,1512917,BONNEVILLE,ID,2194,False
2008,1512917,BOUNDARY,ID,339,False
2008,1512917,BUTTE,ID,58,False
2008,1512917,CAMAS,ID,0,False
2008,1512917,CANYON,ID,2968,False
2008,1512917,CARIBOU,ID,118,False
2008,1512917,CASSIA,ID,580,False
2008,1512917,CLARK,ID,0,False
2008,1512917,CLEARWATER,ID,291,False
2008,1512917,CUSTER,ID,77,False
2008,1512917,ELMORE,ID,314,False
2008,1512917,FRANKLIN,ID,171,False
2008,1512917,FREMONT,ID,72,False
2008,1512917,GEM,ID,276,False
2008,1512917,GOODING,ID,153,False
2008,1512917,IDAHO,ID,245,False
2008,1512917,JEFFERSON,ID,195,False
2008,1512917,JEROME,ID,306,False
2008,1512917,KOOTENAI,ID,3827,False
2008,1512917,LATAH,ID,726,False
2008,1512917,LEMHI,ID,257,False
2008,1512917,LEWIS,ID,159,False
2008,1512917,LINCOLN,ID,0,False
2008,1512917,MADISON,ID,357,False
2008,1512917,MINIDOKA,ID,118,False
2008,1512917,NEZ PERCE,ID,1554,False
2008,1512917,ONEIDA,ID,109,False
2008,1512917,OWYHEE,ID,44,False
2008,1512917,PAYETTE,ID,165,False
2008,1512917,POWER,ID,92,False
2008,1512917,SHOSHONE,ID,767,False
2008,1512917,TETON,ID,126,False
2008,1512917,TWIN FALLS,ID,2088,False
2008,1512917,VALLEY,ID,181,False
2008,1512917,WASHINGTON,ID,145,False
2009,1540287,ADA,ID,10307,False
2009,1540287,ADAMS,ID,0,False
2009,1540287,BANNOCK,ID,1821,False
2009,1540287,BEAR LAKE,ID,219,False
2009,1540287,BENEWAH,ID,268,False
2009,1540287,BINGHAM,ID,630,False
2009,1540287,BLAINE,ID,193,False
2009,1540287,BOISE,ID,0,False
2009,1540287,BONNER,ID,1214,False
2009,1540287,BONNEVILLE,ID,2741,False
2009,1540287,BOUNDARY,ID,450,False
2009,1540287,BUTTE,ID,53,False
2009,1540287,CAMAS,ID,0,False
2009,1540287,CANYON,ID,3248,False
2009,1540287,CARIBOU,ID,154,False
2009,1540287,CASSIA,ID,583,False
2009,1540287,CLARK,ID,0,False
2009,1540287,CLEARWATER,ID,394,False
2009,1540287,CUSTER,ID,50,False
2009,1540287,ELMORE,ID,346,False
2009,1540287,FRANKLIN,ID,153,False
2009,1540287,FREMONT,ID,58,False
2009,1540287,GEM,ID,252,False
2009,1540287,GOODING,ID,220,False
2009,1540287,IDAHO,ID,233,False
2009,1540287,JEFFERSON,ID,179,False
2009,1540287,JEROME,ID,344,False
2009,1540287,KOOTENAI,ID,4233,False
2009,1540287,LATAH,ID,545,False
2009,1540287,LEMHI,ID,248,False
2009,1540287,LEWIS,ID,130,False
2009,1540287,LINCOLN,ID,0,False
2009,1540287,MADISON,ID,510,False
2009,1540287,MINIDOKA,ID,147,False
2009,1540287,NEZ PERCE,ID,1664,False
2009,1540287,ONEIDA,ID,81,False
2009,1540287,OWYHEE,ID,180,False
2009,1540287,PAYETTE,ID,227,False
2009,1540287,POWER,ID,70,False
2009,1540287,SHOSHONE,ID,723,False
2009,1540287,TETON,ID,128,False
2009,1540287,TWIN FALLS,ID,2373,False
2009,1540287,VALLEY,ID,226,False
2009,1540287,WASHINGTON,ID,237,False
2010,1567657,ADA,ID,8895,False
2010,1567657,ADAMS,ID,0,False
2010,1567657,BANNOCK,ID,1739,False
2010,1567657,BEAR LAKE,ID,195,False
2010,1567657,BENEWAH,ID,242,False
2010,1567657,BINGHAM,ID,639,False
2010,1567657,BLAINE,ID,218,False
2010,1567657,BOISE,ID,0,False
2010,1567657,BONNER,ID,1179,False
2010,1567657,BONNEVILLE,ID,2075,False
2010,1567657,BOUNDARY,ID,342,False
2010,1567657,BUTTE,ID,58,False
2010,1567657,CAMAS,ID,0,False
2010,1567657,CANYON,ID,2520,False
2010,1567657,CARIBOU,ID,96,False
2010,1567657,CASSIA,ID,554,False
2010,1567657,CLARK,ID,0,False
2010,1567657,CLEARWATER,ID,253,False
2010,1567657,CUSTER,ID,60,False
2010,1567657,ELMORE,ID,461,False
2010,1567657,FRANKLIN,ID,213,False
2010,1567657,FREMONT,ID,128,False
2010,1567657,GEM,ID,615,False
2010,1567657,GOODING,ID,252,False
2010,1567657,IDAHO,ID,288,False
2010,1567657,JEFFERSON,ID,243,False
2010,1567657,JEROME,ID,306,False
2010,1567657,KOOTENAI,ID,2937,False
2010,1567657,LATAH,ID,565,False
2010,1567657,LEMHI,ID,330,False
2010,1567657,LEWIS,ID,182,False
2010,1567657,LINCOLN,ID,0,False
2010,1567657,MADISON,ID,377,False
2010,1567657,MINIDOKA,ID,143,False
2010,1567657,NEZ PERCE,ID,1411,False
2010,1567657,ONEIDA,ID,94,False
2010,1567657,OWYHEE,ID,117,False
2010,1567657,PAYETTE,ID,358,False
2010,1567657,POWER,ID,85,False
2010,1567657,SHOSHONE,ID,715,False
2010,1567657,TETON,ID,127,False
2010,1567657,TWIN FALLS,ID,2429,False
2010,1567657,VALLEY,ID,258,False
2010,1567657,WASHINGTON,ID,202,False
2011,1590976,ADA,ID,12728,False
2011,1590976,ADAMS,ID,0,False
2011,1590976,BANNOCK,ID,2424,False
2011,1590976,BEAR LAKE,ID,194,False
2011,1590976,BENEWAH,ID,168,False
2011,1590976,BINGHAM,ID,838,False
2011,1590976,BLAINE,ID,235,False
2011,1590976,BOISE,ID,1,False
2011,1590976,BONNER,ID,1338,False
2011,1590976,BONNEVILLE,ID,3153,False
2011,1590976,BOUNDARY,ID,468,False
2011,1590976,BUTTE,ID,61,False
2011,1590976,CAMAS,ID,0,False
2011,1590976,CANYON,ID,4452,False
2011,1590976,CARIBOU,ID,176,False
2011,1590976,CASSIA,ID,752,False
2011,1590976,CLARK,ID,0,False
2011,1590976,CLEARWATER,ID,385,False
2011,1590976,CUSTER,ID,71,False
2011,1590976,ELMORE,ID,479,False
2011,1590976,FRANKLIN,ID,181,False
2011,1590976,FREMONT,ID,136,False
2011,1590976,GEM,ID,969,False
2011,1590976,GOODING,ID,337,False
2011,1590976,IDAHO,ID,344,False
2011,1590976,JEFFERSON,ID,225,False
2011,1590976,JEROME,ID,413,False
2011,1590976,KOOTENAI,ID,4095,False
2011,1590976,LATAH,ID,661,False
2011,1590976,LEMHI,ID,299,False
2011,1590976,LEWIS,ID,190,False
2011,1590976,LINCOLN,ID,0,False
2011,1590976,MADISON,ID,544,False
2011,1590976,MINIDOKA,ID,205,False
2011,1590976,NEZ PERCE,ID,1493,False
2011,1590976,ONEIDA,ID,111,False
2011,1590976,OWYHEE,ID,148,False
2011,1590976,PAYETTE,ID,309,False
2011,1590976,POWER,ID,161,False
2011,1590976,SHOSHONE,ID,729,False
2011,1590976,TETON,ID,185,False
2011,1590976,TWIN FALLS,ID,3169,False
2011,1590976,VALLEY,ID,326,False
2011,1590976,WASHINGTON,ID,261,False
2012,1614295,ADA,ID,14693,False
2012,1614295,ADAMS,ID,0,False
2012,1614295,BANNOCK,ID,2945,False
2012,1614295,BEAR LAKE,ID,166,False
2012,1614295,BENEWAH,ID,179,False
2012,1614295,BINGHAM,ID,1028,False
2012,1614295,BLAINE,ID,309,False
2012,1614295,BOISE,ID,1,False
2012,1614295,BONNER,ID,1433,False
2012,1614295,BONNEVILLE,ID,3628,False
2012,1614295,BOUNDARY,ID,379,False
2012,1614295,BUTTE,ID,79,False
2012,1614295,CAMAS,ID,0,False
2012,1614295,CANYON,ID,5211,False
2012,1614295,CARIBOU,ID,201,False
2012,1614295,CASSIA,ID,773,False
2012,1614295,CLARK,ID,0,False
2012,1614295,CLEARWATER,ID,312,False
2012,1614295,CUSTER,ID,90,False
2012,1614295,ELMORE,ID,500,False
2012,1614295,FRANKLIN,ID,251,False
2012,1614295,FREMONT,ID,111,False
2012,1614295,GEM,ID,751,False
2012,1614295,GOODING,ID,455,False
2012,1614295,IDAHO,ID,392,False
2012,1614295,JEFFERSON,ID,231,False
2012,1614295,JEROME,ID,525,False
2012,1614295,KOOTENAI,ID,4306,False
2012,1614295,LATAH,ID,815,False
2012,1614295,LEMHI,ID,414,False
2012,1614295,LEWIS,ID,221,False
2012,1614295,LINCOLN,ID,0,False
2012,1614295,MADISON,ID,439,False
2012,1614295,MINIDOKA,ID,221,False
2012,1614295,NEZ PERCE,ID,1650,False
2012,1614295,ONEIDA,ID,94,False
2012,1614295,OWYHEE,ID,101,False
2012,1614295,PAYETTE,ID,372,False
2012,1614295,POWER,ID,184,False
2012,1614295,SHOSHONE,ID,810,False
2012,1614295,TETON,ID,171,False
2012,1614295,TWIN FALLS,ID,3554,False
2012,1614295,VALLEY,ID,301,False
2012,1614295,WASHINGTON,ID,404,False
2013,1637614,ADA,ID,0,False
2013,1637614,ADAMS,ID,0,False
2013,1637614,BANNOCK,ID,0,False
2013,1637614,BEAR LAKE,ID,0,False
2013,1637614,BENEWAH,ID,0,False
2013,1637614,BINGHAM,ID,0,False
2013,1637614,BLAINE,ID,0,False
2013,1637614,BOISE,ID,0,False
2013,1637614,BONNER,ID,0,False
2013,1637614,BONNEVILLE,ID,0,False
2013,1637614,BOUNDARY,ID,0,False
2013,1637614,BUTTE,ID,0,False
2013,1637614,CAMAS,ID,0,False
2013,1637614,CANYON,ID,0,False
2013,1637614,CARIBOU,ID,0,False
2013,1637614,CASSIA,ID,0,False
2013,1637614,CLARK,ID,0,False
2013,1637614,CLEARWATER,ID,0,False
2013,1637614,CUSTER,ID,0,False
2013,1637614,ELMORE,ID,0,False
2013,1637614,FRANKLIN,ID,0,False
2013,1637614,FREMONT,ID,0,False
2013,1637614,GEM,ID,0,False
2013,1637614,GOODING,ID,0,False
2013,1637614,IDAHO,ID,0,False
2013,1637614,JEFFERSON,ID,0,False
2013,1637614,JEROME,ID,0,False
2013,1637614,KOOTENAI,ID,0,False
2013,1637614,LATAH,ID,0,False
2013,1637614,LEMHI,ID,0,False
2013,1637614,LEWIS,ID,0,False
2013,1637614,LINCOLN,ID,0,False
2013,1637614,MADISON,ID,0,False
2013,1637614,MINIDOKA,ID,0,False
2013,1637614,NEZ PERCE,ID,0,False
2013,1637614,ONEIDA,ID,0,False
2013,1637614,OWYHEE,ID,0,False
2013,1637614,PAYETTE,ID,0,False
2013,1637614,POWER,ID,0,False
2013,1637614,SHOSHONE,ID,0,False
2013,1637614,TETON,ID,0,False
2013,1637614,TWIN FALLS,ID,0,False
2013,1637614,VALLEY,ID,0,False
2013,1637614,WASHINGTON,ID,0,False
2014,1660933,ADA,ID,0,False
2014,1660933,ADAMS,ID,0,False
2014,1660933,BANNOCK,ID,0,False
2014,1660933,BEAR LAKE,ID,0,False
2014,1660933,BENEWAH,ID,0,False
2014,1660933,BINGHAM,ID,0,False
2014,1660933,BLAINE,ID,0,False
2014,1660933,BOISE,ID,0,False
2014,1660933,BONNER,ID,0,False
2014,1660933,BONNEVILLE,ID,0,False
2014,1660933,BOUNDARY,ID,0,False
2014,1660933,BUTTE,ID,0,False
2014,1660933,CAMAS,ID,0,False
2014,1660933,CANYON,ID,0,False
2014,1660933,CARIBOU,ID,0,False
2014,1660933,CASSIA,ID,0,False
2014,1660933,CLARK,ID,0,False
2014,1660933,CLEARWATER,ID,0,False
2014,1660933,CUSTER,ID,0,False
2014,1660933,ELMORE,ID,0,False
2014,1660933,FRANKLIN,ID,0,False
2014,1660933,FREMONT,ID,0,False
2014,1660933,GEM,ID,0,False
2014,1660933,GOODING,ID,0,False
2014,1660933,IDAHO,ID,0,False
2014,1660933,JEFFERSON,ID,0,False
2014,1660933,JEROME,ID,0,False
2014,1660933,KOOTENAI,ID,0,False
2014,1660933,LATAH,ID,0,False
2014,1660933,LEMHI,ID,0,False
2014,1660933,LEWIS,ID,0,False
2014,1660933,LINCOLN,ID,0,False
2014,1660933,MADISON,ID,0,False
2014,1660933,MINIDOKA,ID,0,False
2014,1660933,NEZ PERCE,ID,0,False
2014,1660933,ONEIDA,ID,0,False
2014,1660933,OWYHEE,ID,0,False
2014,1660933,PAYETTE,ID,0,False
2014,1660933,POWER,ID,0,False
2014,1660933,SHOSHONE,ID,0,False
2014,1660933,TETON,ID,0,False
2014,1660933,TWIN FALLS,ID,0,False
2014,1660933,VALLEY,ID,0,False
2014,1660933,WASHINGTON,ID,0,False
2015,1684252,ADA,ID,0,False
2015,1684252,ADAMS,ID,0,False
2015,1684252,BANNOCK,ID,0,False
2015,1684252,BEAR LAKE,ID,0,False
2015,1684252,BENEWAH,ID,0,False
2015,1684252,BINGHAM,ID,0,False
2015,1684252,BLAINE,ID,0,False
2015,1684252,BOISE,ID,0,False
2015,1684252,BONNER,ID,0,False
2015,1684252,BONNEVILLE,ID,0,False
2015,1684252,BOUNDARY,ID,0,False
2015,1684252,BUTTE,ID,0,False
2015,1684252,CAMAS,ID,0,False
2015,1684252,CANYON,ID,0,False
2015,1684252,CARIBOU,ID,0,False
2015,1684252,CASSIA,ID,0,False
2015,1684252,CLARK,ID,0,False
2015,1684252,CLEARWATER,ID,0,False
2015,1684252,CUSTER,ID,0,False
2015,1684252,ELMORE,ID,0,False
2015,1684252,FRANKLIN,ID,0,False
2015,1684252,FREMONT,ID,0,False
2015,1684252,GEM,ID,0,False
2015,1684252,GOODING,ID,0,False
2015,1684252,IDAHO,ID,0,False
2015,1684252,JEFFERSON,ID,0,False
2015,1684252,JEROME,ID,0,False
2015,1684252,KOOTENAI,ID,0,False
2015,1684252,LATAH,ID,0,False
2015,1684252,LEMHI,ID,0,False
2015,1684252,LEWIS,ID,0,False
2015,1684252,LINCOLN,ID,0,False
2015,1684252,MADISON,ID,0,False
2015,1684252,MINIDOKA,ID,0,False
2015,1684252,NEZ PERCE,ID,0,False
2015,1684252,ONEIDA,ID,0,False
2015,1684252,OWYHEE,ID,0,False
2015,1684252,PAYETTE,ID,0,False
2015,1684252,POWER,ID,0,False
2015,1684252,SHOSHONE,ID,0,False
2015,1684252,TETON,ID,0,False
2015,1684252,TWIN FALLS,ID,0,False
2015,1684252,VALLEY,ID,0,False
2015,1684252,WASHINGTON,ID,0,False
2003,928363,BEAVERHEAD,MT,0,False
2003,928363,BIG HORN,MT,0,False
2003,928363,BLAINE,MT,0,False
2003,928363,BROADWATER,MT,0,False
2003,928363,CARBON,MT,0,False
2003,928363,CARTER,MT,0,False
2003,928363,CASCADE,MT,0,False
2003,928363,CHOUTEAU,MT,0,False
2003,928363,CUSTER,MT,0,False
2003,928363,DANIELS,MT,0,False
2003,928363,DAWSON,MT,0,False
2003,928363,DEER LODGE,MT,0,False
2003,928363,FALLON,MT,0,False
2003,928363,FERGUS,MT,0,False
2003,928363,FLATHEAD,MT,0,False
2003,928363,GALLATIN,MT,0,False
2003,928363,GARFIELD,MT,0,False
2003,928363,GLACIER,MT,0,False
2003,928363,GOLDEN VALLEY,MT,0,False
2003,928363,GRANITE,MT,0,False
2003,928363,HILL,MT,0,False
2003,928363,JEFFERSON,MT,0,False
2003,928363,JUDITH BASIN,MT,0,False
2003,928363,LAKE,MT,0,False
2003,928363,LEWIS AND CLARK,MT,0,False
2003,928363,LIBERTY,MT,0,False
2003,928363,LINCOLN,MT,0,False
2003,928363,MCCONE,MT,0,False
2003,928363,MADISON,MT,0,False
2003,928363,MEAGHER,MT,0,False
2003,928363,MINERAL,MT,0,False
2003,928363,MISSOULA,MT,0,False
2003,928363,MUSSELSHELL,MT,0,False
2003,928363,PARK,MT,0,False
2003,928363,PETROLEUM,MT,0,False
2003,928363,PHILLIPS,MT,0,False
2003,928363,PONDERA,MT,0,False
2003,928363,POWDER RIVER,MT,0,False
2003,928363,POWELL,MT,0,False
2003,928363,PRAIRIE,MT,0,False
2003,928363,RAVALLI,MT,0,False
2003,928363,RICHLAND,MT,0,False
2003,928363,ROOSEVELT,MT,0,False
2003,928363,ROSEBUD,MT,0,False
2003,928363,SANDERS,MT,0,False
2003,928363,SHERIDAN,MT,0,False
2003,928363,SILVER BOW,MT,0,False
2003,928363,STILLWATER,MT,0,False
2003,928363,SWEET GRASS,MT,0,False
2003,928363,TETON,MT,0,False
2003,928363,TOOLE,MT,0,False
2003,928363,TREASURE,MT,0,False
2003,928363,VALLEY,MT,0,False
2003,928363,WHEATLAND,MT,0,False
2003,928363,WIBAUX,MT,0,False
2003,928363,YELLOWSTONE,MT,0,False
2004,937084,BEAVERHEAD,MT,0,False
2004,937084,BIG HORN,MT,0,False
2004,937084,BLAINE,MT,0,False
2004,937084,BROADWATER,MT,0,False
2004,937084,CARBON,MT,0,False
2004,937084,CARTER,MT,0,False
2004,937084,CASCADE,MT,0,False
2004,937084,CHOUTEAU,MT,0,False
2004,937084,CUSTER,MT,0,False
2004,937084,DANIELS,MT,0,False
2004,937084,DAWSON,MT,0,False
2004,937084,DEER LODGE,MT,0,False
2004,937084,FALLON,MT,0,False
2004,937084,FERGUS,MT,0,False
2004,937084,FLATHEAD,MT,0,False
2004,937084,GALLATIN,MT,0,False
2004,937084,GARFIELD,MT,0,False
2004,937084,GLACIER,MT,0,False
2004,937084,GOLDEN VALLEY,MT,0,False
2004,937084,GRANITE,MT,0,False
2004,937084,HILL,MT,0,False
2004,937084,JEFFERSON,MT,0,False
2004,937084,JUDITH BASIN,MT,0,False
2004,937084,LAKE,MT,0,False
2004,937084,LEWIS AND CLARK,MT,0,False
2004,937084,LIBERTY,MT,0,False
2004,937084,LINCOLN,MT,0,False
2004,937084,MCCONE,MT,0,False
2004,937084,MADISON,MT,0,False
2004,937084,MEAGHER,MT,0,False
2004,937084,MINERAL,MT,0,False
2004,937084,MISSOULA,MT,0,False
2004,937084,MUSSELSHELL,MT,0,False
2004,937084,PARK,MT,0,False
2004,937084,PETROLEUM,MT,0,False
2004,937084,PHILLIPS,MT,0,False
2004,937084,PONDERA,MT,0,False
2004,937084,POWDER RIVER,MT,0,False
2004,937084,POWELL,MT,0,False
2004,937084,PRAIRIE,MT,0,False
2004,937084,RAVALLI,MT,0,False
2004,937084,RICHLAND,MT,0,False
2004,937084,ROOSEVELT,MT,0,False
2004,937084,ROSEBUD,MT,0,False
2004,937084,SANDERS,MT,0,False
2004,937084,SHERIDAN,MT,0,False
2004,937084,SILVER BOW,MT,0,False
2004,937084,STILLWATER,MT,0,False
2004,937084,SWEET GRASS,MT,0,False
2004,937084,TETON,MT,0,False
2004,937084,TOOLE,MT,0,False
2004,937084,TREASURE,MT,0,False
2004,937084,VALLEY,MT,0,False
2004,937084,WHEATLAND,MT,0,False
2004,937084,WIBAUX,MT,0,False
2004,937084,YELLOWSTONE,MT,0,False
2005,945805,BEAVERHEAD,MT,0,False
2005,945805,BIG HORN,MT,0,False
2005,945805,BLAINE,MT,0,False
2005,945805,BROADWATER,MT,0,False
2005,945805,CARBON,MT,0,False
2005,945805,CARTER,MT,0,False
2005,945805,CASCADE,MT,0,False
2005,945805,CHOUTEAU,MT,0,False
2005,945805,CUSTER,MT,0,False
2005,945805,DANIELS,MT,0,False
2005,945805,DAWSON,MT,0,False
2005,945805,DEER LODGE,MT,0,False
2005,945805,FALLON,MT,0,False
2005,945805,FERGUS,MT,0,False
2005,945805,FLATHEAD,MT,0,False
2005,945805,GALLATIN,MT,0,False
2005,945805,GARFIELD,MT,0,False
2005,945805,GLACIER,MT,0,False
2005,945805,GOLDEN VALLEY,MT,0,False
2005,945805,GRANITE,MT,0,False
2005,945805,HILL,MT,0,False
2005,945805,JEFFERSON,MT,0,False
2005,945805,JUDITH BASIN,MT,0,False
2005,945805,LAKE,MT,0,False
2005,945805,LEWIS AND CLARK,MT,0,False
2005,945805,LIBERTY,MT,0,False
2005,945805,LINCOLN,MT,0,False
2005,945805,MCCONE,MT,0,False
2005,945805,MADISON,MT,0,False
2005,945805,MEAGHER,MT,0,False
2005,945805,MINERAL,MT,0,False
2005,945805,MISSOULA,MT,0,False
2005,945805,MUSSELSHELL,MT,0,False
2005,945805,PARK,MT,0,False
2005,945805,PETROLEUM,MT,0,False
2005,945805,PHILLIPS,MT,0,False
2005,945805,PONDERA,MT,0,False
2005,945805,POWDER RIVER,MT,0,False
2005,945805,POWELL,MT,0,False
2005,945805,PRAIRIE,MT,0,False
2005,945805,RAVALLI,MT,0,False
2005,945805,RICHLAND,MT,0,False
2005,945805,ROOSEVELT,MT,0,False
2005,945805,ROSEBUD,MT,0,False
2005,945805,SANDERS,MT,0,False
2005,945805,SHERIDAN,MT,0,False
2005,945805,SILVER BOW,MT,0,False
2005,945805,STILLWATER,MT,0,False
2005,945805,SWEET GRASS,MT,0,False
2005,945805,TETON,MT,0,False
2005,945805,TOOLE,MT,0,False
2005,945805,TREASURE,MT,0,False
2005,945805,VALLEY,MT,0,False
2005,945805,WHEATLAND,MT,0,False
2005,945805,WIBAUX,MT,0,False
2005,945805,YELLOWSTONE,MT,0,False
2006,954526,BEAVERHEAD,MT,139,False
2006,954526,BIG HORN,MT,69,False
2006,954526,BLAINE,MT,30,False
2006,954526,BROADWATER,MT,32,False
2006,954526,CARBON,MT,92,False
2006,954526,CARTER,MT,0,False
2006,954526,CASCADE,MT,2120,False
2006,954526,CHOUTEAU,MT,34,False
2006,954526,CUSTER,MT,285,False
2006,954526,DANIELS,MT,5,False
2006,954526,DAWSON,MT,155,False
2006,954526,DEER LODGE,MT,217,False
2006,954526,FALLON,MT,37,False
2006,954526,FERGUS,MT,178,False
2006,954526,FLATHEAD,MT,3542,False
2006,954526,GALLATIN,MT,850,False
2006,954526,GARFIELD,MT,1,False
2006,954526,GLACIER,MT,282,False
2006,954526,GOLDEN VALLEY,MT,0,False
2006,954526,GRANITE,MT,0,False
2006,954526,HILL,MT,411,False
2006,954526,JEFFERSON,MT,88,False
2006,954526,JUDITH BASIN,MT,0,False
2006,954526,LAKE,MT,486,False
2006,954526,LEWIS AND CLARK,MT,1070,False
2006,954526,LIBERTY,MT,13,False
2006,954526,LINCOLN,MT,712,False
2006,954526,MCCONE,MT,0,False
2006,954526,MADISON,MT,40,False
2006,954526,MEAGHER,MT,10,False
2006,954526,MINERAL,MT,66,False
2006,954526,MISSOULA,MT,2457,False
2006,954526,MUSSELSHELL,MT,139,False
2006,954526,PARK,MT,240,False
2006,954526,PETROLEUM,MT,0,False
2006,954526,PHILLIPS,MT,51,False
2006,954526,PONDERA,MT,149,False
2006,954526,POWDER RIVER,MT,2,False
2006,954526,POWELL,MT,92,False
2006,954526,PRAIRIE,MT,0,False
2006,954526,RAVALLI,MT,657,False
2006,954526,RICHLAND,MT,111,False
2006,954526,ROOSEVELT,MT,66,False
2006,954526,ROSEBUD,MT,64,False
2006,954526,SANDERS,MT,168,False
2006,954526,SHERIDAN,MT,20,False
2006,954526,SILVER BOW,MT,848,False
2006,954526,STILLWATER,MT,103,False
2006,954526,SWEET GRASS,MT,122,False
2006,954526,TETON,MT,60,False
2006,954526,TOOLE,MT,80,False
2006,954526,TREASURE,MT,0,False
2006,954526,VALLEY,MT,167,False
2006,954526,WHEATLAND,MT,0,False
2006,954526,WIBAUX,MT,0,False
2006,954526,YELLOWSTONE,MT,3940,False
2007,963247,BEAVERHEAD,MT,160,False
2007,963247,BIG HORN,MT,262,False
2007,963247,BLAINE,MT,31,False
2007,963247,BROADWATER,MT,42,False
2007,963247,CARBON,MT,72,False
2007,963247,CARTER,MT,0,False
2007,963247,CASCADE,MT,2369,False
2007,963247,CHOUTEAU,MT,114,False
2007,963247,CUSTER,MT,432,False
2007,963247,DANIELS,MT,2,False
2007,963247,DAWSON,MT,249,False
2007,963247,DEER LODGE,MT,237,False
2007,963247,FALLON,MT,61,False
2007,963247,FERGUS,MT,207,False
2007,963247,FLATHEAD,MT,4606,False
2007,963247,GALLATIN,MT,1141,False
2007,963247,GARFIELD,MT,1,False
2007,963247,GLACIER,MT,316,False
2007,963247,GOLDEN VALLEY,MT,0,False
2007,963247,GRANITE,MT,0,False
2007,963247,HILL,MT,418,False
2007,963247,JEFFERSON,MT,48,False
2007,963247,JUDITH BASIN,MT,0,False
2007,963247,LAKE,MT,613,False
2007,963247,LEWIS AND CLARK,MT,1409,False
2007,963247,LIBERTY,MT,1,False
2007,963247,LINCOLN,MT,718,False
2007,963247,MCCONE,MT,0,False
2007,963247,MADISON,MT,118,False
2007,963247,MEAGHER,MT,33,False
2007,963247,MINERAL,MT,76,False
2007,963247,MISSOULA,MT,2708,False
2007,963247,MUSSELSHELL,MT,105,False
2007,963247,PARK,MT,294,False
2007,963247,PETROLEUM,MT,0,False
2007,963247,PHILLIPS,MT,42,False
2007,963247,PONDERA,MT,148,False
2007,963247,POWDER RIVER,MT,17,False
2007,963247,POWELL,MT,119,False
2007,963247,PRAIRIE,MT,0,False
2007,963247,RAVALLI,MT,821,False
2007,963247,RICHLAND,MT,104,False
2007,963247,ROOSEVELT,MT,78,False
2007,963247,ROSEBUD,MT,81,False
2007,963247,SANDERS,MT,176,False
2007,963247,SHERIDAN,MT,41,False
2007,963247,SILVER BOW,MT,985,False
2007,963247,STILLWATER,MT,97,False
2007,963247,SWEET GRASS,MT,54,False
2007,963247,TETON,MT,109,False
2007,963247,TOOLE,MT,99,False
2007,963247,TREASURE,MT,0,False
2007,963247,VALLEY,MT,143,False
2007,963247,WHEATLAND,MT,0,False
2007,963247,WIBAUX,MT,0,False
2007,963247,YELLOWSTONE,MT,5447,False
2008,971968,BEAVERHEAD,MT,119,False
2008,971968,BIG HORN,MT,190,False
2008,971968,BLAINE,MT,59,False
2008,971968,BROADWATER,MT,72,False
2008,971968,CARBON,MT,126,False
2008,971968,CARTER,MT,0,False
2008,971968,CASCADE,MT,2733,False
2008,971968,CHOUTEAU,MT,67,False
2008,971968,CUSTER,MT,600,False
2008,971968,DANIELS,MT,5,False
2008,971968,DAWSON,MT,329,False
2008,971968,DEER LODGE,MT,318,False
2008,971968,FALLON,MT,60,False
2008,971968,FERGUS,MT,188,False
2008,971968,FLATHEAD,MT,4720,False
2008,971968,GALLATIN,MT,1134,False
2008,971968,GARFIELD,MT,1,False
2008,971968,GLACIER,MT,274,False
2008,971968,GOLDEN VALLEY,MT,0,False
2008,971968,GRANITE,MT,0,False
2008,971968,HILL,MT,374,False
2008,971968,JEFFERSON,MT,46,False
2008,971968,JUDITH BASIN,MT,0,False
2008,971968,LAKE,MT,753,False
2008,971968,LEWIS AND CLARK,MT,1597,False
2008,971968,LIBERTY,MT,6,False
2008,971968,LINCOLN,MT,870,False
2008,971968,MCCONE,MT,0,False
2008,971968,MADISON,MT,117,False
2008,971968,MEAGHER,MT,25,False
2008,971968,MINERAL,MT,104,False
2008,971968,MISSOULA,MT,2524,False
2008,971968,MUSSELSHELL,MT,131,False
2008,971968,PARK,MT,280,False
2008,971968,PETROLEUM,MT,0,False
2008,971968,PHILLIPS,MT,30,False
2008,971968,PONDERA,MT,140,False
2008,971968,POWDER RIVER,MT,18,False
2008,971968,POWELL,MT,82,False
2008,971968,PRAIRIE,MT,0,False
2008,971968,RAVALLI,MT,842,False
2008,971968,RICHLAND,MT,127,False
2008,971968,ROOSEVELT,MT,17,False
2008,971968,ROSEBUD,MT,76,False
2008,971968,SANDERS,MT,348,False
2008,971968,SHERIDAN,MT,51,False
2008,971968,SILVER BOW,MT,1334,False
2008,971968,STILLWATER,MT,137,False
2008,971968,SWEET GRASS,MT,22,False
2008,971968,TETON,MT,92,False
2008,971968,TOOLE,MT,47,False
2008,971968,TREASURE,MT,0,False
2008,971968,VALLEY,MT,243,False
2008,971968,WHEATLAND,MT,0,False
2008,971968,WIBAUX,MT,0,False
2008,971968,YELLOWSTONE,MT,5082,False
2009,980689,BEAVERHEAD,MT,116,False
2009,980689,BIG HORN,MT,153,False
2009,980689,BLAINE,MT,62,False
2009,980689,BROADWATER,MT,58,False
2009,980689,CARBON,MT,69,False
2009,980689,CARTER,MT,0,False
2009,980689,CASCADE,MT,2486,False
2009,980689,CHOUTEAU,MT,113,False
2009,980689,CUSTER,MT,669,False
2009,980689,DANIELS,MT,20,False
2009,980689,DAWSON,MT,310,False
2009,980689,DEER LODGE,MT,318,False
2009,980689,FALLON,MT,78,False
2009,980689,FERGUS,MT,255,False
2009,980689,FLATHEAD,MT,4873,False
2009,980689,GALLATIN,MT,1116,False
2009,980689,GARFIELD,MT,7,False
2009,980689,GLACIER,MT,405,False
2009,980689,GOLDEN VALLEY,MT,0,False
2009,980689,GRANITE,MT,0,False
2009,980689,HILL,MT,542,False
2009,980689,JEFFERSON,MT,57,False
2009,980689,JUDITH BASIN,MT,0,False
2009,980689,LAKE,MT,715,False
2009,980689,LEWIS AND CLARK,MT,1845,False
2009,980689,LIBERTY,MT,46,False
2009,980689,LINCOLN,MT,1278,False
2009,980689,MCCONE,MT,0,False
2009,980689,MADISON,MT,52,False
2009,980689,MEAGHER,MT,17,False
2009,980689,MINERAL,MT,87,False
2009,980689,MISSOULA,MT,2675,False
2009,980689,MUSSELSHELL,MT,129,False
2009,980689,PARK,MT,278,False
2009,980689,PETROLEUM,MT,0,False
2009,980689,PHILLIPS,MT,66,False
2009,980689,PONDERA,MT,164,False
2009,980689,POWDER RIVER,MT,61,False
2009,980689,POWELL,MT,175,False
2009,980689,PRAIRIE,MT,0,False
2009,980689,RAVALLI,MT,957,False
2009,980689,RICHLAND,MT,119,False
2009,980689,ROOSEVELT,MT,80,False
2009,980689,ROSEBUD,MT,105,False
2009,980689,SANDERS,MT,299,False
2009,980689,SHERIDAN,MT,115,False
2009,980689,SILVER BOW,MT,1330,False
2009,980689,STILLWATER,MT,137,False
2009,980689,SWEET GRASS,MT,66,False
2009,980689,TETON,MT,67,False
2009,980689,TOOLE,MT,54,False
2009,980689,TREASURE,MT,0,False
2009,980689,VALLEY,MT,266,False
2009,980689,WHEATLAND,MT,0,False
2009,980689,WIBAUX,MT,0,False
2009,980689,YELLOWSTONE,MT,4819,False
2010,989409,BEAVERHEAD,MT,131,False
2010,989409,BIG HORN,MT,168,False
2010,989409,BLAINE,MT,68,False
2010,989409,BROADWATER,MT,44,False
2010,989409,CARBON,MT,68,False
2010,989409,CARTER,MT,0,False
2010,989409,CASCADE,MT,2660,False
2010,989409,CHOUTEAU,MT,63,False
2010,989409,CUSTER,MT,834,False
2010,989409,DANIELS,MT,20,False
2010,989409,DAWSON,MT,387,False
2010,989409,DEER LODGE,MT,311,False
2010,989409,FALLON,MT,58,False
2010,989409,FERGUS,MT,212,False
2010,989409,FLATHEAD,MT,3819,False
2010,989409,GALLATIN,MT,1578,False
2010,989409,GARFIELD,MT,0,False
2010,989409,GLACIER,MT,446,False
2010,989409,GOLDEN VALLEY,MT,0,False
2010,989409,GRANITE,MT,10,False
2010,989409,HILL,MT,535,False
2010,989409,JEFFERSON,MT,57,False
2010,989409,JUDITH BASIN,MT,0,False
2010,989409,LAKE,MT,685,False
2010,989409,LEWIS AND CLARK,MT,1426,False
2010,989409,LIBERTY,MT,7,False
2010,989409,LINCOLN,MT,1040,False
2010,989409,MCCONE,MT,0,False
2010,989409,MADISON,MT,168,False
2010,989409,MEAGHER,MT,12,False
2010,989409,MINERAL,MT,128,False
2010,989409,MISSOULA,MT,2494,False
2010,989409,MUSSELSHELL,MT,189,False
2010,989409,PARK,MT,482,False
2010,989409,PETROLEUM,MT,0,False
2010,989409,PHILLIPS,MT,48,False
2010,989409,PONDERA,MT,177,False
2010,989409,POWDER RIVER,MT,12,False
2010,989409,POWELL,MT,243,False
2010,989409,PRAIRIE,MT,0,False
2010,989409,RAVALLI,MT,933,False
2010,989409,RICHLAND,MT,139,False
2010,989409,ROOSEVELT,MT,152,False
2010,989409,ROSEBUD,MT,144,False
2010,989409,SANDERS,MT,367,False
2010,989409,SHERIDAN,MT,51,False
2010,989409,SILVER BOW,MT,1369,False
2010,989409,STILLWATER,MT,124,False
2010,989409,SWEET GRASS,MT,78,False
2010,989409,TETON,MT,138,False
2010,989409,TOOLE,MT,52,False
2010,989409,TREASURE,MT,0,False
2010,989409,VALLEY,MT,256,False
2010,989409,WHEATLAND,MT,0,False
2010,989409,WIBAUX,MT,0,False
2010,989409,YELLOWSTONE,MT,5450,False
2011,998521,BEAVERHEAD,MT,168,False
2011,998521,BIG HORN,MT,181,False
2011,998521,BLAINE,MT,39,False
2011,998521,BROADWATER,MT,73,False
2011,998521,CARBON,MT,73,False
2011,998521,CARTER,MT,0,False
2011,998521,CASCADE,MT,2680,False
2011,998521,CHOUTEAU,MT,80,False
2011,998521,CUSTER,MT,602,False
2011,998521,DANIELS,MT,30,False
2011,998521,DAWSON,MT,334,False
2011,998521,DEER LODGE,MT,329,False
2011,998521,FALLON,MT,47,False
2011,998521,FERGUS,MT,229,False
2011,998521,FLATHEAD,MT,4007,False
2011,998521,GALLATIN,MT,1671,False
2011,998521,GARFIELD,MT,0,False
2011,998521,GLACIER,MT,327,False
2011,998521,GOLDEN VALLEY,MT,0,False
2011,998521,GRANITE,MT,18,False
2011,998521,HILL,MT,500,False
2011,998521,JEFFERSON,MT,91,False
2011,998521,JUDITH BASIN,MT,0,False
2011,998521,LAKE,MT,881,False
2011,998521,LEWIS AND CLARK,MT,1912,False
2011,998521,LIBERTY,MT,18,False
2011,998521,LINCOLN,MT,1096,False
2011,998521,MCCONE,MT,0,False
2011,998521,MADISON,MT,97,False
2011,998521,MEAGHER,MT,23,False
2011,998521,MINERAL,MT,181,False
2011,998521,MISSOULA,MT,3601,False
2011,998521,MUSSELSHELL,MT,166,False
2011,998521,PARK,MT,527,False
2011,998521,PETROLEUM,MT,0,False
2011,998521,PHILLIPS,MT,60,False
2011,998521,PONDERA,MT,166,False
2011,998521,POWDER RIVER,MT,8,False
2011,998521,POWELL,MT,343,False
2011,998521,PRAIRIE,MT,0,False
2011,998521,RAVALLI,MT,1218,False
2011,998521,RICHLAND,MT,178,False
2011,998521,ROOSEVELT,MT,166,False
2011,998521,ROSEBUD,MT,173,False
2011,998521,SANDERS,MT,399,False
2011,998521,SHERIDAN,MT,63,False
2011,998521,SILVER BOW,MT,1637,False
2011,998521,STILLWATER,MT,138,False
2011,998521,SWEET GRASS,MT,67,False
2011,998521,TETON,MT,170,False
2011,998521,TOOLE,MT,94,False
2011,998521,TREASURE,MT,0,False
2011,998521,VALLEY,MT,271,False
2011,998521,WHEATLAND,MT,38,False
2011,998521,WIBAUX,MT,0,False
2011,998521,YELLOWSTONE,MT,5433,False
2012,1007633,BEAVERHEAD,MT,184,False
2012,1007633,BIG HORN,MT,175,False
2012,1007633,BLAINE,MT,53,False
2012,1007633,BROADWATER,MT,75,False
2012,1007633,CARBON,MT,104,False
2012,1007633,CARTER,MT,0,False
2012,1007633,CASCADE,MT,3069,False
2012,1007633,CHOUTEAU,MT,94,False
2012,1007633,CUSTER,MT,613,False
2012,1007633,DANIELS,MT,41,False
2012,1007633,DAWSON,MT,369,False
2012,1007633,DEER LODGE,MT,284,False
2012,1007633,FALLON,MT,73,False
2012,1007633,FERGUS,MT,289,False
2012,1007633,FLATHEAD,MT,4133,False
2012,1007633,GALLATIN,MT,1852,False
2012,1007633,GARFIELD,MT,0,False
2012,1007633,GLACIER,MT,457,False
2012,1007633,GOLDEN VALLEY,MT,0,False
2012,1007633,GRANITE,MT,17,False
2012,1007633,HILL,MT,473,False
2012,1007633,JEFFERSON,MT,99,False
2012,1007633,JUDITH BASIN,MT,0,False
2012,1007633,LAKE,MT,1067,False
2012,1007633,LEWIS AND CLARK,MT,1879,False
2012,1007633,LIBERTY,MT,4,False
2012,1007633,LINCOLN,MT,1301,False
2012,1007633,MCCONE,MT,0,False
2012,1007633,MADISON,MT,100,False
2012,1007633,MEAGHER,MT,36,False
2012,1007633,MINERAL,MT,170,False
2012,1007633,MISSOULA,MT,3506,False
2012,1007633,MUSSELSHELL,MT,225,False
2012,1007633,PARK,MT,628,False
2012,1007633,PETROLEUM,MT,0,False
2012,1007633,PHILLIPS,MT,90,False
2012,1007633,PONDERA,MT,216,False
2012,1007633,POWDER RIVER,MT,38,False
2012,1007633,POWELL,MT,271,False
2012,1007633,PRAIRIE,MT,0,False
2012,1007633,RAVALLI,MT,1276,False
2012,1007633,RICHLAND,MT,234,False
2012,1007633,ROOSEVELT,MT,150,False
2012,1007633,ROSEBUD,MT,196,False
2012,1007633,SANDERS,MT,463,False
2012,1007633,SHERIDAN,MT,59,False
2012,1007633,SILVER BOW,MT,1479,False
2012,1007633,STILLWATER,MT,179,False
2012,1007633,SWEET GRASS,MT,50,False
2012,1007633,TETON,MT,178,False
2012,1007633,TOOLE,MT,87,False
2012,1007633,TREASURE,MT,0,False
2012,1007633,VALLEY,MT,291,False
2012,1007633,WHEATLAND,MT,7,False
2012,1007633,WIBAUX,MT,0,False
2012,1007633,YELLOWSTONE,MT,6670,False
2013,1016745,BEAVERHEAD,MT,0,False
2013,1016745,BIG HORN,MT,0,False
2013,1016745,BLAINE,MT,0,False
2013,1016745,BROADWATER,MT,0,False
2013,1016745,CARBON,MT,0,False
2013,1016745,CARTER,MT,0,False
2013,1016745,CASCADE,MT,0,False
2013,1016745,CHOUTEAU,MT,0,False
2013,1016745,CUSTER,MT,0,False
2013,1016745,DANIELS,MT,0,False
2013,1016745,DAWSON,MT,0,False
2013,1016745,DEER LODGE,MT,0,False
2013,1016745,FALLON,MT,0,False
2013,1016745,FERGUS,MT,0,False
2013,1016745,FLATHEAD,MT,0,False
2013,1016745,GALLATIN,MT,0,False
2013,1016745,GARFIELD,MT,0,False
2013,1016745,GLACIER,MT,0,False
2013,1016745,GOLDEN VALLEY,MT,0,False
2013,1016745,GRANITE,MT,0,False
2013,1016745,HILL,MT,0,False
2013,1016745,JEFFERSON,MT,0,False
2013,1016745,JUDITH BASIN,MT,0,False
2013,1016745,LAKE,MT,0,False
2013,1016745,LEWIS AND CLARK,MT,0,False
2013,1016745,LIBERTY,MT,0,False
2013,1016745,LINCOLN,MT,0,False
2013,1016745,MCCONE,MT,0,False
2013,1016745,MADISON,MT,0,False
2013,1016745,MEAGHER,MT,0,False
2013,1016745,MINERAL,MT,0,False
2013,1016745,MISSOULA,MT,0,False
2013,1016745,MUSSELSHELL,MT,0,False
2013,1016745,PARK,MT,0,False
2013,1016745,PETROLEUM,MT,0,False
2013,1016745,PHILLIPS,MT,0,False
2013,1016745,PONDERA,MT,0,False
2013,1016745,POWDER RIVER,MT,0,False
2013,1016745,POWELL,MT,0,False
2013,1016745,PRAIRIE,MT,0,False
2013,1016745,RAVALLI,MT,0,False
2013,1016745,RICHLAND,MT,0,False
2013,1016745,ROOSEVELT,MT,0,False
2013,1016745,ROSEBUD,MT,0,False
2013,1016745,SANDERS,MT,0,False
2013,1016745,SHERIDAN,MT,0,False
2013,1016745,SILVER BOW,MT,0,False
2013,1016745,STILLWATER,MT,0,False
2013,1016745,SWEET GRASS,MT,0,False
2013,1016745,TETON,MT,0,False
2013,1016745,TOOLE,MT,0,False
2013,1016745,TREASURE,MT,0,False
2013,1016745,VALLEY,MT,0,False
2013,1016745,WHEATLAND,MT,0,False
2013,1016745,WIBAUX,MT,0,False
2013,1016745,YELLOWSTONE,MT,0,False
2014,1025857,BEAVERHEAD,MT,0,False
2014,1025857,BIG HORN,MT,0,False
2014,1025857,BLAINE,MT,0,False
2014,1025857,BROADWATER,MT,0,False
2014,1025857,CARBON,MT,0,False
2014,1025857,CARTER,MT,0,False
2014,1025857,CASCADE,MT,0,False
2014,1025857,CHOUTEAU,MT,0,False
2014,1025857,CUSTER,MT,0,False
2014,1025857,DANIELS,MT,0,False
2014,1025857,DAWSON,MT,0,False
2014,1025857,DEER LODGE,MT,0,False
2014,1025857,FALLON,MT,0,False
2014,1025857,FERGUS,MT,0,False
2014,1025857,FLATHEAD,MT,0,False
2014,1025857,GALLATIN,MT,0,False
2014,1025857,GARFIELD,MT,0,False
2014,1025857,GLACIER,MT,0,False
2014,1025857,GOLDEN VALLEY,MT,0,False
2014,1025857,GRANITE,MT,0,False
2014,1025857,HILL,MT,0,False
2014,1025857,JEFFERSON,MT,0,False
2014,1025857,JUDITH BASIN,MT,0,False
2014,1025857,LAKE,MT,0,False
2014,1025857,LEWIS AND CLARK,MT,0,False
2014,1025857,LIBERTY,MT,0,False
2014,1025857,LINCOLN,MT,0,False
2014,1025857,MCCONE,MT,0,False
2014,1025857,MADISON,MT,0,False
2014,1025857,MEAGHER,MT,0,False
2014,1025857,MINERAL,MT,0,False
2014,1025857,MISSOULA,MT,0,False
2014,1025857,MUSSELSHELL,MT,0,False
2014,1025857,PARK,MT,0,False
2014,1025857,PETROLEUM,MT,0,False
2014,1025857,PHILLIPS,MT,0,False
2014,1025857,PONDERA,MT,0,False
2014,1025857,POWDER RIVER,MT,0,False
2014,1025857,POWELL,MT,0,False
2014,1025857,PRAIRIE,MT,0,False
2014,1025857,RAVALLI,MT,0,False
2014,1025857,RICHLAND,MT,0,False
2014,1025857,ROOSEVELT,MT,0,False
2014,1025857,ROSEBUD,MT,0,False
2014,1025857,SANDERS,MT,0,False
2014,1025857,SHERIDAN,MT,0,False
2014,1025857,SILVER BOW,MT,0,False
2014,1025857,STILLWATER,MT,0,False
2014,1025857,SWEET GRASS,MT,0,False
2014,1025857,TETON,MT,0,False
2014,1025857,TOOLE,MT,0,False
2014,1025857,TREASURE,MT,0,False
2014,1025857,VALLEY,MT,0,False
2014,1025857,WHEATLAND,MT,0,False
2014,1025857,WIBAUX,MT,0,False
2014,1025857,YELLOWSTONE,MT,0,False
2015,1034969,BEAVERHEAD,MT,0,False
2015,1034969,BIG HORN,MT,0,False
2015,1034969,BLAINE,MT,0,False
2015,1034969,BROADWATER,MT,0,False
2015,1034969,CARBON,MT,0,False
2015,1034969,CARTER,MT,0,False
2015,1034969,CASCADE,MT,0,False
2015,1034969,CHOUTEAU,MT,0,False
2015,1034969,CUSTER,MT,0,False
2015,1034969,DANIELS,MT,0,False
2015,1034969,DAWSON,MT,0,False
2015,1034969,DEER LODGE,MT,0,False
2015,1034969,FALLON,MT,0,False
2015,1034969,FERGUS,MT,0,False
2015,1034969,FLATHEAD,MT,0,False
2015,1034969,GALLATIN,MT,0,False
2015,1034969,GARFIELD,MT,0,False
2015,1034969,GLACIER,MT,0,False
2015,1034969,GOLDEN VALLEY,MT,0,False
2015,1034969,GRANITE,MT,0,False
2015,1034969,HILL,MT,0,False
2015,1034969,JEFFERSON,MT,0,False
2015,1034969,JUDITH BASIN,MT,0,False
2015,1034969,LAKE,MT,0,False
2015,1034969,LEWIS AND CLARK,MT,0,False
2015,1034969,LIBERTY,MT,0,False
2015,1034969,LINCOLN,MT,0,False
2015,1034969,MCCONE,MT,0,False
2015,1034969,MADISON,MT,0,False
2015,1034969,MEAGHER,MT,0,False
2015,1034969,MINERAL,MT,0,False
2015,1034969,MISSOULA,MT,0,False
2015,1034969,MUSSELSHELL,MT,0,False
2015,1034969,PARK,MT,0,False
2015,1034969,PETROLEUM,MT,0,False
2015,1034969,PHILLIPS,MT,0,False
2015,1034969,PONDERA,MT,0,False
2015,1034969,POWDER RIVER,MT,0,False
2015,1034969,POWELL,MT,0,False
2015,1034969,PRAIRIE,MT,0,False
2015,1034969,RAVALLI,MT,0,False
2015,1034969,RICHLAND,MT,0,False
2015,1034969,ROOSEVELT,MT,0,False
2015,1034969,ROSEBUD,MT,0,False
2015,1034969,SANDERS,MT,0,False
2015,1034969,SHERIDAN,MT,0,False
2015,1034969,SILVER BOW,MT,0,False
2015,1034969,STILLWATER,MT,0,False
2015,1034969,SWEET GRASS,MT,0,False
2015,1034969,TETON,MT,0,False
2015,1034969,TOOLE,MT,0,False
2015,1034969,TREASURE,MT,0,False
2015,1034969,VALLEY,MT,0,False
2015,1034969,WHEATLAND,MT,0,False
2015,1034969,WIBAUX,MT,0,False
2015,1034969,YELLOWSTONE,MT,0,False
2003,2208979,CHURCHILL,NV,0,False
2003,2208979,CLARK,NV,0,False
2003,2208979,DOUGLAS,NV,0,False
2003,2208979,ELKO,NV,0,False
2003,2208979,ESMERALDA,NV,0,False
2003,2208979,EUREKA,NV,0,False
2003,2208979,HUMBOLDT,NV,0,False
2003,2208979,LANDER,NV,0,False
2003,2208979,LINCOLN,NV,0,False
2003,2208979,LYON,NV,0,False
2003,2208979,MINERAL,NV,0,False
2003,2208979,NYE,NV,0,False
2003,2208979,PERSHING,NV,0,False
2003,2208979,STOREY,NV,0,False
2003,2208979,WASHOE,NV,0,False
2003,2208979,WHITE PINE,NV,0,False
2003,2208979,CARSON CITY,NV,0,False
2004,2279222,CHURCHILL,NV,0,False
2004,2279222,CLARK,NV,0,False
2004,2279222,DOUGLAS,NV,0,False
2004,2279222,ELKO,NV,0,False
2004,2279222,ESMERALDA,NV,0,False
2004,2279222,EUREKA,NV,0,False
2004,2279222,HUMBOLDT,NV,0,False
2004,2279222,LANDER,NV,0,False
2004,2279222,LINCOLN,NV,0,False
2004,2279222,LYON,NV,0,False
2004,2279222,MINERAL,NV,0,False
2004,2279222,NYE,NV,0,False
2004,2279222,PERSHING,NV,0,False
2004,2279222,STOREY,NV,0,False
2004,2279222,WASHOE,NV,0,False
2004,2279222,WHITE PINE,NV,0,False
2004,2279222,CARSON CITY,NV,0,False
2005,2349465,CHURCHILL,NV,0,False
2005,2349465,CLARK,NV,0,False
2005,2349465,DOUGLAS,NV,0,False
2005,2349465,ELKO,NV,0,False
2005,2349465,ESMERALDA,NV,0,False
2005,2349465,EUREKA,NV,0,False
2005,2349465,HUMBOLDT,NV,0,False
2005,2349465,LANDER,NV,0,False
2005,2349465,LINCOLN,NV,0,False
2005,2349465,LYON,NV,0,False
2005,2349465,MINERAL,NV,0,False
2005,2349465,NYE,NV,0,False
2005,2349465,PERSHING,NV,0,False
2005,2349465,STOREY,NV,0,False
2005,2349465,WASHOE,NV,0,False
2005,2349465,WHITE PINE,NV,0,False
2005,2349465,CARSON CITY,NV,0,False
2006,2419708,CHURCHILL,NV,554,False
2006,2419708,CLARK,NV,57999,False
2006,2419708,DOUGLAS,NV,1311,False
2006,2419708,ELKO,NV,564,False
2006,2419708,ESMERALDA,NV,0,False
2006,2419708,EUREKA,NV,0,False
2006,2419708,HUMBOLDT,NV,160,False
2006,2419708,LANDER,NV,44,False
2006,2419708,LINCOLN,NV,137,False
2006,2419708,LYON,NV,812,False
2006,2419708,MINERAL,NV,95,False
2006,2419708,NYE,NV,1689,False
2006,2419708,PERSHING,NV,0,False
2006,2419708,STOREY,NV,0,False
2006,2419708,WASHOE,NV,7857,False
2006,2419708,WHITE PINE,NV,335,False
2006,2419708,CARSON CITY,NV,1763,False
2007,2489951,CHURCHILL,NV,692,False
2007,2489951,CLARK,NV,81406,False
2007,2489951,DOUGLAS,NV,1424,False
2007,2489951,ELKO,NV,810,False
2007,2489951,ESMERALDA,NV,0,False
2007,2489951,EUREKA,NV,0,False
2007,2489951,HUMBOLDT,NV,275,False
2007,2489951,LANDER,NV,155,False
2007,2489951,LINCOLN,NV,122,False
2007,2489951,LYON,NV,1091,False
2007,2489951,MINERAL,NV,96,False
2007,2489951,NYE,NV,3092,False
2007,2489951,PERSHING,NV,0,False
2007,2489951,STOREY,NV,0,False
2007,2489951,WASHOE,NV,10021,False
2007,2489951,WHITE PINE,NV,452,False
2007,2489951,CARSON CITY,NV,2501,False
2008,2560194,CHURCHILL,NV,727,False
2008,2560194,CLARK,NV,96189,False
2008,2560194,DOUGLAS,NV,1948,False
2008,2560194,ELKO,NV,929,False
2008,2560194,ESMERALDA,NV,0,False
2008,2560194,EUREKA,NV,0,False
2008,2560194,HUMBOLDT,NV,274,False
2008,2560194,LANDER,NV,102,False
2008,2560194,LINCOLN,NV,97,False
2008,2560194,LYON,NV,1074,False
2008,2560194,MINERAL,NV,156,False
2008,2560194,NYE,NV,3590,False
2008,2560194,PERSHING,NV,0,False
2008,2560194,STOREY,NV,0,False
2008,2560194,WASHOE,NV,11233,False
2008,2560194,WHITE PINE,NV,454,False
2008,2560194,CARSON CITY,NV,2648,False
2009,2630437,CHURCHILL,NV,781,False
2009,2630437,CLARK,NV,94728,False
2009,2630437,DOUGLAS,NV,1759,False
2009,2630437,ELKO,NV,904,False
2009,2630437,ESMERALDA,NV,0,False
2009,2630437,EUREKA,NV,0,False
2009,2630437,HUMBOLDT,NV,303,False
2009,2630437,LANDER,NV,147,False
2009,2630437,LINCOLN,NV,113,False
2009,2630437,LYON,NV,1422,False
2009,2630437,MINERAL,NV,225,False
2009,2630437,NYE,NV,3279,False
2009,2630437,PERSHING,NV,0,False
2009,2630437,STOREY,NV,0,False
2009,2630437,WASHOE,NV,11903,False
2009,2630437,WHITE PINE,NV,559,False
2009,2630437,CARSON CITY,NV,3175,False
2010,2700679,CHURCHILL,NV,647,False
2010,2700679,CLARK,NV,82411,False
2010,2700679,DOUGLAS,NV,1517,False
2010,2700679,ELKO,NV,1350,False
2010,2700679,ESMERALDA,NV,0,False
2010,2700679,EUREKA,NV,0,False
2010,2700679,HUMBOLDT,NV,352,False
2010,2700679,LANDER,NV,162,False
2010,2700679,LINCOLN,NV,132,False
2010,2700679,LYON,NV,1495,False
2010,2700679,MINERAL,NV,247,False
2010,2700679,NYE,NV,3022,False
2010,2700679,PERSHING,NV,0,False
2010,2700679,STOREY,NV,0,False
2010,2700679,WASHOE,NV,11773,False
2010,2700679,WHITE PINE,NV,604,False
2010,2700679,CARSON CITY,NV,2391,False
2011,2742393,CHURCHILL,NV,957,False
2011,2742393,CLARK,NV,123340,False
2011,2742393,DOUGLAS,NV,2263,False
2011,2742393,ELKO,NV,1530,False
2011,2742393,ESMERALDA,NV,0,False
2011,2742393,EUREKA,NV,0,False
2011,2742393,HUMBOLDT,NV,490,False
2011,2742393,LANDER,NV,154,False
2011,2742393,LINCOLN,NV,163,False
2011,2742393,LYON,NV,1815,False
2011,2742393,MINERAL,NV,317,False
2011,2742393,NYE,NV,4532,False
2011,2742393,PERSHING,NV,36,False
2011,2742393,STOREY,NV,0,False
2011,2742393,WASHOE,NV,16059,False
2011,2742393,WHITE PINE,NV,719,False
2011,2742393,CARSON CITY,NV,3686,False
2012,2784107,CHURCHILL,NV,1062,False
2012,2784107,CLARK,NV,126558,False
2012,2784107,DOUGLAS,NV,2050,False
2012,2784107,ELKO,NV,1540,False
2012,2784107,ESMERALDA,NV,0,False
2012,2784107,EUREKA,NV,0,False
2012,2784107,HUMBOLDT,NV,543,False
2012,2784107,LANDER,NV,175,False
2012,2784107,LINCOLN,NV,241,False
2012,2784107,LYON,NV,1905,False
2012,2784107,MINERAL,NV,298,False
2012,2784107,NYE,NV,4708,False
2012,2784107,PERSHING,NV,58,False
2012,2784107,STOREY,NV,0,False
2012,2784107,WASHOE,NV,16858,False
2012,2784107,WHITE PINE,NV,929,False
2012,2784107,CARSON CITY,NV,3504,False
2013,2825821,CHURCHILL,NV,0,False
2013,2825821,CLARK,NV,0,False
2013,2825821,DOUGLAS,NV,0,False
2013,2825821,ELKO,NV,0,False
2013,2825821,ESMERALDA,NV,0,False
2013,2825821,EUREKA,NV,0,False
2013,2825821,HUMBOLDT,NV,0,False
2013,2825821,LANDER,NV,0,False
2013,2825821,LINCOLN,NV,0,False
2013,2825821,LYON,NV,0,False
2013,2825821,MINERAL,NV,0,False
2013,2825821,NYE,NV,0,False
2013,2825821,PERSHING,NV,0,False
2013,2825821,STOREY,NV,0,False
2013,2825821,WASHOE,NV,0,False
2013,2825821,WHITE PINE,NV,0,False
2013,2825821,CARSON CITY,NV,0,False
2014,2867535,CHURCHILL,NV,0,False
2014,2867535,CLARK,NV,0,False
2014,2867535,DOUGLAS,NV,0,False
2014,2867535,ELKO,NV,0,False
2014,2867535,ESMERALDA,NV,0,False
2014,2867535,EUREKA,NV,0,False
2014,2867535,HUMBOLDT,NV,0,False
2014,2867535,LANDER,NV,0,False
2014,2867535,LINCOLN,NV,0,False
2014,2867535,LYON,NV,0,False
2014,2867535,MINERAL,NV,0,False
2014,2867535,NYE,NV,0,False
2014,2867535,PERSHING,NV,0,False
2014,2867535,STOREY,NV,0,False
2014,2867535,WASHOE,NV,0,False
2014,2867535,WHITE PINE,NV,0,False
2014,2867535,CARSON CITY,NV,0,False
2015,2909249,CHURCHILL,NV,0,False
2015,2909249,CLARK,NV,0,False
2015,2909249,DOUGLAS,NV,0,False
2015,2909249,ELKO,NV,0,False
2015,2909249,ESMERALDA,NV,0,False
2015,2909249,EUREKA,NV,0,False
2015,2909249,HUMBOLDT,NV,0,False
2015,2909249,LANDER,NV,0,False
2015,2909249,LINCOLN,NV,0,False
2015,2909249,LYON,NV,0,False
2015,2909249,MINERAL,NV,0,False
2015,2909249,NYE,NV,0,False
2015,2909249,PERSHING,NV,0,False
2015,2909249,STOREY,NV,0,False
2015,2909249,WASHOE,NV,0,False
2015,2909249,WHITE PINE,NV,0,False
2015,2909249,CARSON CITY,NV,0,False
2003,3544389,BAKER,OR,0,False
2003,3544389,BENTON,OR,0,False
2003,3544389,CLACKAMAS,OR,0,False
2003,3544389,CLATSOP,OR,0,False
2003,3544389,COLUMBIA,OR,0,False
2003,3544389,COOS,OR,0,False
2003,3544389,CROOK,OR,0,False
2003,3544389,CURRY,OR,0,False
2003,3544389,DESCHUTES,OR,0,False
2003,3544389,DOUGLAS,OR,0,False
2003,3544389,GILLIAM,OR,0,False
2003,3544389,GRANT,OR,0,False
2003,3544389,HARNEY,OR,0,False
2003,3544389,HOOD RIVER,OR,0,False
2003,3544389,JACKSON,OR,0,False
2003,3544389,JEFFERSON,OR,0,False
2003,3544389,JOSEPHINE,OR,0,False
2003,3544389,KLAMATH,OR,0,False
2003,3544389,LAKE,OR,0,False
2003,3544389,LANE,OR,0,False
2003,3544389,LINCOLN,OR,0,False
2003,3544389,LINN,OR,0,False
2003,3544389,MALHEUR,OR,0,False
2003,3544389,MARION,OR,0,False
2003,3544389,MORROW,OR,0,False
2003,3544389,MULTNOMAH,OR,0,False
2003,3544389,POLK,OR,0,False
2003,3544389,SHERMAN,OR,0,False
2003,3544389,TILLAMOOK,OR,0,False
2003,3544389,UMATILLA,OR,0,False
2003,3544389,UNION,OR,0,False
2003,3544389,WALLOWA,OR,0,False
2003,3544389,WASCO,OR,0,False
2003,3544389,WASHINGTON,OR,0,False
2003,3544389,WHEELER,OR,0,False
2003,3544389,YAMHILL,OR,0,False
2004,3585344,BAKER,OR,0,False
2004,3585344,BENTON,OR,0,False
2004,3585344,CLACKAMAS,OR,0,False
2004,3585344,CLATSOP,OR,0,False
2004,3585344,COLUMBIA,OR,0,False
2004,3585344,COOS,OR,0,False
2004,3585344,CROOK,OR,0,False
2004,3585344,CURRY,OR,0,False
2004,3585344,DESCHUTES,OR,0,False
2004,3585344,DOUGLAS,OR,0,False
2004,3585344,GILLIAM,OR,0,False
2004,3585344,GRANT,OR,0,False
2004,3585344,HARNEY,OR,0,False
2004,3585344,HOOD RIVER,OR,0,False
2004,3585344,JACKSON,OR,0,False
2004,3585344,JEFFERSON,OR,0,False
2004,3585344,JOSEPHINE,OR,0,False
2004,3585344,KLAMATH,OR,0,False
2004,3585344,LAKE,OR,0,False
2004,3585344,LANE,OR,0,False
2004,3585344,LINCOLN,OR,0,False
2004,3585344,LINN,OR,0,False
2004,3585344,MALHEUR,OR,0,False
2004,3585344,MARION,OR,0,False
2004,3585344,MORROW,OR,0,False
2004,3585344,MULTNOMAH,OR,0,False
2004,3585344,POLK,OR,0,False
2004,3585344,SHERMAN,OR,0,False
2004,3585344,TILLAMOOK,OR,0,False
2004,3585344,UMATILLA,OR,0,False
2004,3585344,UNION,OR,0,False
2004,3585344,WALLOWA,OR,0,False
2004,3585344,WASCO,OR,0,False
2004,3585344,WASHINGTON,OR,0,False
2004,3585344,WHEELER,OR,0,False
2004,3585344,YAMHILL,OR,0,False
2005,3626299,BAKER,OR,0,False
2005,3626299,BENTON,OR,0,False
2005,3626299,CLACKAMAS,OR,0,False
2005,3626299,CLATSOP,OR,0,False
2005,3626299,COLUMBIA,OR,0,False
2005,3626299,COOS,OR,0,False
2005,3626299,CROOK,OR,0,False
2005,3626299,CURRY,OR,0,False
2005,3626299,DESCHUTES,OR,0,False
2005,3626299,DOUGLAS,OR,0,False
2005,3626299,GILLIAM,OR,0,False
2005,3626299,GRANT,OR,0,False
2005,3626299,HARNEY,OR,0,False
2005,3626299,HOOD RIVER,OR,0,False
2005,3626299,JACKSON,OR,0,False
2005,3626299,JEFFERSON,OR,0,False
2005,3626299,JOSEPHINE,OR,0,False
2005,3626299,KLAMATH,OR,0,False
2005,3626299,LAKE,OR,0,False
2005,3626299,LANE,OR,0,False
2005,3626299,LINCOLN,OR,0,False
2005,3626299,LINN,OR,0,False
2005,3626299,MALHEUR,OR,0,False
2005,3626299,MARION,OR,0,False
2005,3626299,MORROW,OR,0,False
2005,3626299,MULTNOMAH,OR,0,False
2005,3626299,POLK,OR,0,False
2005,3626299,SHERMAN,OR,0,False
2005,3626299,TILLAMOOK,OR,0,False
2005,3626299,UMATILLA,OR,0,False
2005,3626299,UNION,OR,0,False
2005,3626299,WALLOWA,OR,0,False
2005,3626299,WASCO,OR,0,False
2005,3626299,WASHINGTON,OR,0,False
2005,3626299,WHEELER,OR,0,False
2005,3626299,YAMHILL,OR,0,False
2006,3667254,BAKER,OR,494,False
2006,3667254,BENTON,OR,1028,False
2006,3667254,CLACKAMAS,OR,10315,False
2006,3667254,CLATSOP,OR,1613,False
2006,3667254,COLUMBIA,OR,906,False
2006,3667254,COOS,OR,1980,False
2006,3667254,CROOK,OR,350,False
2006,3667254,CURRY,OR,874,False
2006,3667254,DESCHUTES,OR,2721,False
2006,3667254,DOUGLAS,OR,3375,False
2006,3667254,GILLIAM,OR,17,False
2006,3667254,GRANT,OR,141,False
2006,3667254,HARNEY,OR,105,False
2006,3667254,HOOD RIVER,OR,401,False
2006,3667254,JACKSON,OR,6195,False
2006,3667254,JEFFERSON,OR,152,False
2006,3667254,JOSEPHINE,OR,2489,False
2006,3667254,KLAMATH,OR,1588,False
2006,3667254,LAKE,OR,185,False
2006,3667254,LANE,OR,9314,False
2006,3667254,LINCOLN,OR,1864,False
2006,3667254,LINN,OR,2777,False
2006,3667254,MALHEUR,OR,587,False
2006,3667254,MARION,OR,5907,False
2006,3667254,MORROW,OR,86,False
2006,3667254,MULTNOMAH,OR,17720,False
2006,3667254,POLK,OR,692,False
2006,3667254,SHERMAN,OR,0,False
2006,3667254,TILLAMOOK,OR,1115,False
2006,3667254,UMATILLA,OR,1267,False
2006,3667254,UNION,OR,712,False
2006,3667254,WALLOWA,OR,141,False
2006,3667254,WASCO,OR,658,False
2006,3667254,WASHINGTON,OR,9399,False
2006,3667254,WHEELER,OR,0,False
2006,3667254,YAMHILL,OR,1777,False
2007,3708209,BAKER,OR,486,False
2007,3708209,BENTON,OR,1246,False
2007,3708209,CLACKAMAS,OR,13405,False
2007,3708209,CLATSOP,OR,1633,False
2007,3708209,COLUMBIA,OR,1074,False
2007,3708209,COOS,OR,2503,False
2007,3708209,CROOK,OR,439,False
2007,3708209,CURRY,OR,1298,False
2007,3708209,DESCHUTES,OR,3587,False
2007,3708209,DOUGLAS,OR,5339,False
2007,3708209,GILLIAM,OR,27,False
2007,3708209,GRANT,OR,92,False
2007,3708209,HARNEY,OR,155,False
2007,3708209,HOOD RIVER,OR,471,False
2007,3708209,JACKSON,OR,8315,False
2007,3708209,JEFFERSON,OR,293,False
2007,3708209,JOSEPHINE,OR,3179,False
2007,3708209,KLAMATH,OR,1739,False
2007,3708209,LAKE,OR,294,False
2007,3708209,LANE,OR,10623,False
2007,3708209,LINCOLN,OR,2417,False
2007,3708209,LINN,OR,3398,False
2007,3708209,MALHEUR,OR,795,False
2007,3708209,MARION,OR,7682,False
2007,3708209,MORROW,OR,63,False
2007,3708209,MULTNOMAH,OR,24072,False
2007,3708209,POLK,OR,1191,False
2007,3708209,SHERMAN,OR,0,False
2007,3708209,TILLAMOOK,OR,1174,False
2007,3708209,UMATILLA,OR,1451,False
2007,3708209,UNION,OR,933,False
2007,3708209,WALLOWA,OR,164,False
2007,3708209,WASCO,OR,808,False
2007,3708209,WASHINGTON,OR,14454,False
2007,3708209,WHEELER,OR,0,False
2007,3708209,YAMHILL,OR,2278,False
2008,3749164,BAKER,OR,602,False
2008,3749164,BENTON,OR,1676,False
2008,3749164,CLACKAMAS,OR,15969,False
2008,3749164,CLATSOP,OR,1851,False
2008,3749164,COLUMBIA,OR,1397,False
2008,3749164,COOS,OR,2740,False
2008,3749164,CROOK,OR,499,False
2008,3749164,CURRY,OR,1340,False
2008,3749164,DESCHUTES,OR,4251,False
2008,3749164,DOUGLAS,OR,4869,False
2008,3749164,GILLIAM,OR,16,False
2008,3749164,GRANT,OR,181,False
2008,3749164,HARNEY,OR,204,False
2008,3749164,HOOD RIVER,OR,527,False
2008,3749164,JACKSON,OR,10091,False
2008,3749164,JEFFERSON,OR,365,False
2008,3749164,JOSEPHINE,OR,3763,False
2008,3749164,KLAMATH,OR,2044,False
2008,3749164,LAKE,OR,292,False
2008,3749164,LANE,OR,11685,False
2008,3749164,LINCOLN,OR,2198,False
2008,3749164,LINN,OR,4330,False
2008,3749164,MALHEUR,OR,834,False
2008,3749164,MARION,OR,9056,False
2008,3749164,MORROW,OR,88,False
2008,3749164,MULTNOMAH,OR,29454,False
2008,3749164,POLK,OR,1234,False
2008,3749164,SHERMAN,OR,0,False
2008,3749164,TILLAMOOK,OR,1317,False
2008,3749164,UMATILLA,OR,1627,False
2008,3749164,UNION,OR,1037,False
2008,3749164,WALLOWA,OR,185,False
2008,3749164,WASCO,OR,1161,False
2008,3749164,WASHINGTON,OR,16504,False
2008,3749164,WHEELER,OR,0,False
2008,3749164,YAMHILL,OR,2767,False
2009,3790119,BAKER,OR,746,False
2009,3790119,BENTON,OR,1362,False
2009,3790119,CLACKAMAS,OR,16758,False
2009,3790119,CLATSOP,OR,1763,False
2009,3790119,COLUMBIA,OR,1664,False
2009,3790119,COOS,OR,3230,False
2009,3790119,CROOK,OR,418,False
2009,3790119,CURRY,OR,1347,False
2009,3790119,DESCHUTES,OR,3529,False
2009,3790119,DOUGLAS,OR,4586,False
2009,3790119,GILLIAM,OR,36,False
2009,3790119,GRANT,OR,272,False
2009,3790119,HARNEY,OR,179,False
2009,3790119,HOOD RIVER,OR,619,False
2009,3790119,JACKSON,OR,10241,False
2009,3790119,JEFFERSON,OR,397,False
2009,3790119,JOSEPHINE,OR,4027,False
2009,3790119,KLAMATH,OR,1912,False
2009,3790119,LAKE,OR,272,False
2009,3790119,LANE,OR,12370,False
2009,3790119,LINCOLN,OR,2379,False
2009,3790119,LINN,OR,4437,False
2009,3790119,MALHEUR,OR,988,False
2009,3790119,MARION,OR,8649,False
2009,3790119,MORROW,OR,116,False
2009,3790119,MULTNOMAH,OR,36917,False
2009,3790119,POLK,OR,1376,False
2009,3790119,SHERMAN,OR,0,False
2009,3790119,TILLAMOOK,OR,1659,False
2009,3790119,UMATILLA,OR,1943,False
2009,3790119,UNION,OR,1002,False
2009,3790119,WALLOWA,OR,143,False
2009,3790119,WASCO,OR,1120,False
2009,3790119,WASHINGTON,OR,13084,False
2009,3790119,WHEELER,OR,0,False
2009,3790119,YAMHILL,OR,2645,False
2010,3831075,BAKER,OR,674,False
2010,3831075,BENTON,OR,1716,False
2010,3831075,CLACKAMAS,OR,15439,False
2010,3831075,CLATSOP,OR,1678,False
2010,3831075,COLUMBIA,OR,1379,False
2010,3831075,COOS,OR,3211,False
2010,3831075,CROOK,OR,648,False
2010,3831075,CURRY,OR,1405,False
2010,3831075,DESCHUTES,OR,3859,False
2010,3831075,DOUGLAS,OR,4699,False
2010,3831075,GILLIAM,OR,31,False
2010,3831075,GRANT,OR,211,False
2010,3831075,HARNEY,OR,194,False
2010,3831075,HOOD RIVER,OR,385,False
2010,3831075,JACKSON,OR,10263,False
2010,3831075,JEFFERSON,OR,424,False
2010,3831075,JOSEPHINE,OR,3891,False
2010,3831075,KLAMATH,OR,2219,False
2010,3831075,LAKE,OR,274,False
2010,3831075,LANE,OR,13902,False
2010,3831075,LINCOLN,OR,2577,False
2010,3831075,LINN,OR,4147,False
2010,3831075,MALHEUR,OR,853,False
2010,3831075,MARION,OR,8439,False
2010,3831075,MORROW,OR,75,False
2010,3831075,MULTNOMAH,OR,24948,False
2010,3831075,POLK,OR,1532,False
2010,3831075,SHERMAN,OR,0,False
2010,3831075,TILLAMOOK,OR,1460,False
2010,3831075,UMATILLA,OR,2114,False
2010,3831075,UNION,OR,1044,False
2010,3831075,WALLOWA,OR,132,False
2010,3831075,WASCO,OR,922,False
2010,3831075,WASHINGTON,OR,12042,False
2010,3831075,WHEELER,OR,0,False
2010,3831075,YAMHILL,OR,2244,False
2011,3876030,BAKER,OR,758,False
2011,3876030,BENTON,OR,2044,False
2011,3876030,CLACKAMAS,OR,17656,False
2011,3876030,CLATSOP,OR,2678,False
2011,3876030,COLUMBIA,OR,2058,False
2011,3876030,COOS,OR,3319,False
2011,3876030,CROOK,OR,647,False
2011,3876030,CURRY,OR,1426,False
2011,3876030,DESCHUTES,OR,4186,False
2011,3876030,DOUGLAS,OR,6061,False
2011,3876030,GILLIAM,OR,33,False
2011,3876030,GRANT,OR,291,False
2011,3876030,HARNEY,OR,226,False
2011,3876030,HOOD RIVER,OR,536,False
2011,3876030,JACKSON,OR,13081,False
2011,3876030,JEFFERSON,OR,377,False
2011,3876030,JOSEPHINE,OR,5171,False
2011,3876030,KLAMATH,OR,2393,False
2011,3876030,LAKE,OR,366,False
2011,3876030,LANE,OR,15565,False
2011,3876030,LINCOLN,OR,3035,False
2011,3876030,LINN,OR,5223,False
2011,3876030,MALHEUR,OR,1242,False
2011,3876030,MARION,OR,11244,False
2011,3876030,MORROW,OR,96,False
2011,3876030,MULTNOMAH,OR,32033,False
2011,3876030,POLK,OR,1862,False
2011,3876030,SHERMAN,OR,0,False
2011,3876030,TILLAMOOK,OR,2222,False
2011,3876030,UMATILLA,OR,2393,False
2011,3876030,UNION,OR,1354,False
2011,3876030,WALLOWA,OR,205,False
2011,3876030,WASCO,OR,1593,False
2011,3876030,WASHINGTON,OR,15947,False
2011,3876030,WHEELER,OR,0,False
2011,3876030,YAMHILL,OR,3101,False
2012,3920985,BAKER,OR,733,False
2012,3920985,BENTON,OR,2061,False
2012,3920985,CLACKAMAS,OR,16185,False
2012,3920985,CLATSOP,OR,2591,False
2012,3920985,COLUMBIA,OR,1936,False
2012,3920985,COOS,OR,2904,False
2012,3920985,CROOK,OR,626,False
2012,3920985,CURRY,OR,1590,False
2012,3920985,DESCHUTES,OR,4527,False
2012,3920985,DOUGLAS,OR,6472,False
2012,3920985,GILLIAM,OR,48,False
2012,3920985,GRANT,OR,279,False
2012,3920985,HARNEY,OR,294,False
2012,3920985,HOOD RIVER,OR,628,False
2012,3920985,JACKSON,OR,14538,False
2012,3920985,JEFFERSON,OR,337,False
2012,3920985,JOSEPHINE,OR,5846,False
2012,3920985,KLAMATH,OR,2473,False
2012,3920985,LAKE,OR,313,False
2012,3920985,LANE,OR,17192,False
2012,3920985,LINCOLN,OR,3439,False
2012,3920985,LINN,OR,5993,False
2012,3920985,MALHEUR,OR,1445,False
2012,3920985,MARION,OR,10568,False
2012,3920985,MORROW,OR,94,False
2012,3920985,MULTNOMAH,OR,28570,False
2012,3920985,POLK,OR,1811,False
2012,3920985,SHERMAN,OR,0,False
2012,3920985,TILLAMOOK,OR,2034,False
2012,3920985,UMATILLA,OR,2448,False
2012,3920985,UNION,OR,1405,False
2012,3920985,WALLOWA,OR,244,False
2012,3920985,WASCO,OR,1377,False
2012,3920985,WASHINGTON,OR,14720,False
2012,3920985,WHEELER,OR,0,False
2012,3920985,YAMHILL,OR,2794,False
2013,3965940,BAKER,OR,0,False
2013,3965940,BENTON,OR,0,False
2013,3965940,CLACKAMAS,OR,0,False
2013,3965940,CLATSOP,OR,0,False
2013,3965940,COLUMBIA,OR,0,False
2013,3965940,COOS,OR,0,False
2013,3965940,CROOK,OR,0,False
2013,3965940,CURRY,OR,0,False
2013,3965940,DESCHUTES,OR,0,False
2013,3965940,DOUGLAS,OR,0,False
2013,3965940,GILLIAM,OR,0,False
2013,3965940,GRANT,OR,0,False
2013,3965940,HARNEY,OR,0,False
2013,3965940,HOOD RIVER,OR,0,False
2013,3965940,JACKSON,OR,0,False
2013,3965940,JEFFERSON,OR,0,False
2013,3965940,JOSEPHINE,OR,0,False
2013,3965940,KLAMATH,OR,0,False
2013,3965940,LAKE,OR,0,False
2013,3965940,LANE,OR,0,False
2013,3965940,LINCOLN,OR,0,False
2013,3965940,LINN,OR,0,False
2013,3965940,MALHEUR,OR,0,False
2013,3965940,MARION,OR,0,False
2013,3965940,MORROW,OR,0,False
2013,3965940,MULTNOMAH,OR,0,False
2013,3965940,POLK,OR,0,False
2013,3965940,SHERMAN,OR,0,False
2013,3965940,TILLAMOOK,OR,0,False
2013,3965940,UMATILLA,OR,0,False
2013,3965940,UNION,OR,0,False
2013,3965940,WALLOWA,OR,0,False
2013,3965940,WASCO,OR,0,False
2013,3965940,WASHINGTON,OR,0,False
2013,3965940,WHEELER,OR,0,False
2013,3965940,YAMHILL,OR,0,False
2014,4010895,BAKER,OR,0,False
2014,4010895,BENTON,OR,0,False
2014,4010895,CLACKAMAS,OR,0,False
2014,4010895,CLATSOP,OR,0,False
2014,4010895,COLUMBIA,OR,0,False
2014,4010895,COOS,OR,0,False
2014,4010895,CROOK,OR,0,False
2014,4010895,CURRY,OR,0,False
2014,4010895,DESCHUTES,OR,0,False
2014,4010895,DOUGLAS,OR,0,False
2014,4010895,GILLIAM,OR,0,False
2014,4010895,GRANT,OR,0,False
2014,4010895,HARNEY,OR,0,False
2014,4010895,HOOD RIVER,OR,0,False
2014,4010895,JACKSON,OR,0,False
2014,4010895,JEFFERSON,OR,0,False
2014,4010895,JOSEPHINE,OR,0,False
2014,4010895,KLAMATH,OR,0,False
2014,4010895,LAKE,OR,0,False
2014,4010895,LANE,OR,0,False
2014,4010895,LINCOLN,OR,0,False
2014,4010895,LINN,OR,0,False
2014,4010895,MALHEUR,OR,0,False
2014,4010895,MARION,OR,0,False
2014,4010895,MORROW,OR,0,False
2014,4010895,MULTNOMAH,OR,0,False
2014,4010895,POLK,OR,0,False
2014,4010895,SHERMAN,OR,0,False
2014,4010895,TILLAMOOK,OR,0,False
2014,4010895,UMATILLA,OR,0,False
2014,4010895,UNION,OR,0,False
2014,4010895,WALLOWA,OR,0,False
2014,4010895,WASCO,OR,0,False
2014,4010895,WASHINGTON,OR,0,False
2014,4010895,WHEELER,OR,0,False
2014,4010895,YAMHILL,OR,0,False
2015,4055850,BAKER,OR,0,False
2015,4055850,BENTON,OR,0,False
2015,4055850,CLACKAMAS,OR,0,False
2015,4055850,CLATSOP,OR,0,False
2015,4055850,COLUMBIA,OR,0,False
2015,4055850,COOS,OR,0,False
2015,4055850,CROOK,OR,0,False
2015,4055850,CURRY,OR,0,False
2015,4055850,DESCHUTES,OR,0,False
2015,4055850,DOUGLAS,OR,0,False
2015,4055850,GILLIAM,OR,0,False
2015,4055850,GRANT,OR,0,False
2015,4055850,HARNEY,OR,0,False
2015,4055850,HOOD RIVER,OR,0,False
2015,4055850,JACKSON,OR,0,False
2015,4055850,JEFFERSON,OR,0,False
2015,4055850,JOSEPHINE,OR,0,False
2015,4055850,KLAMATH,OR,0,False
2015,4055850,LAKE,OR,0,False
2015,4055850,LANE,OR,0,False
2015,4055850,LINCOLN,OR,0,False
2015,4055850,LINN,OR,0,False
2015,4055850,MALHEUR,OR,0,False
2015,4055850,MARION,OR,0,False
2015,4055850,MORROW,OR,0,False
2015,4055850,MULTNOMAH,OR,0,False
2015,4055850,POLK,OR,0,False
2015,4055850,SHERMAN,OR,0,False
2015,4055850,TILLAMOOK,OR,0,False
2015,4055850,UMATILLA,OR,0,False
2015,4055850,UNION,OR,0,False
2015,4055850,WALLOWA,OR,0,False
2015,4055850,WASCO,OR,0,False
2015,4055850,WASHINGTON,OR,0,False
2015,4055850,WHEELER,OR,0,False
2015,4055850,YAMHILL,OR,0,False
